createdAt,อายุ,อาชีพ,สังกัด,ชื่อเล่น
"Jul 12, 2026, 3:16:20 AM",29,ครู,โรงเรียนรุ่งอรุณ,นัท
"Jul 12, 2026, 7:47:54 AM",45,ผู้ปกครอง,null,แก้ว
"Jul 12, 2026, 3:04:20 AM",23,นักเรียน,ศกร.อำเภอแม่แตง,น้องม่อน
"Jul 12, 2026, 4:26:31 AM",45,นักการศึกษา,สกร.,เซียมซี
"Jul 12, 2026, 5:29:13 AM",28,ครู,สพม.กท2,หยก
"Jul 12, 2026, 7:10:06 AM",41,อิสระ,ไม่มีสังกัด,มิกกี้
"Jul 12, 2026, 9:49:58 AM",50,ผู้ปกครอง,null,Jk
"Jul 12, 2026, 8:11:46 AM",37,พนักงาน,เอกชน,จิ๊ป
"Jul 12, 2026, 4:50:56 AM",19,นักศึกษา,มหาวิทยาลัยราชภัฏสวนสุนันทา,F.
"Jul 12, 2026, 4:38:58 AM",15,นักเรียน,ตอพภ.,พีพี
"Jul 12, 2026, 8:10:16 AM",45,พนักงานบริษัท,ส่วนตัว,Nan
"Jul 12, 2026, 3:06:27 AM",14,นักเรียน,เซนต์โยเซฟระยอง,กัญญ์
"Jul 12, 2026, 5:28:37 AM",38,นักการศึกษา,Kalasin University,Briize
"Jul 12, 2026, 5:31:21 AM",30,ครู,กทม,Foam
"Jul 12, 2026, 4:50:39 AM",20,นักศึกษา (คณะครุศาสตร์),มหาวิทยาลัยราชภัฏสวนสุนันทา,นนท์
"Jul 12, 2026, 7:33:26 AM",25,นักเรียน,Bma,Haaland
"Jul 12, 2026, 3:47:03 AM",26,อิสระ,อิสระ,นิล
"Jul 12, 2026, 3:20:14 AM",41,ผู้ปกครอง,null,ตุ๊กตา
"Jul 12, 2026, 3:15:44 AM",24,นักกีฬา,ทีมชาติอังกฤษ,Bellingham
"Jul 12, 2026, 3:12:07 AM",26,วิศวกรซอฟแวร์,อดีต Skooldio,นิล
"Jul 12, 2026, 4:27:34 AM",31,ครู,สกร.ระดับอำเภอเชียงดาว,น้ำทรัพย์
"Jul 12, 2026, 9:27:59 AM",15,Aaa,B,Messi
"Jul 12, 2026, 5:39:48 AM",15,นักเรียน,โรงเรียนวัดล้านตอง,วิว
"Jul 12, 2026, 7:34:18 AM",46,นักการศึกษา,กทม,จุ๋ม
"Jul 12, 2026, 4:28:36 AM",26,นักการศึกษา,สกร.ระดับอำเภอเชียงดาว,น้องแสง
"Jul 12, 2026, 3:06:35 AM",33,พนง.เอกชน,สถาบัน วี บาย เดอะเบรน,Men
"Jul 12, 2026, 3:31:16 AM",33,นักวิจัย,มหาวิทยาลัยราชภัฏอุบลราชธานี,น้องเปิ้ลน่ารัก
"Jul 12, 2026, 6:27:54 AM",36,นักวิจัย,อุบล,เอจัง
"Jul 12, 2026, 6:53:52 AM",26,ครู,โรงเรียนตั้งพิรุฬห์ธรรม,Kru'Arm
"Jul 12, 2026, 8:39:10 AM",50,พนักงานมหาวิทยาลัย,มหาวิทยาลัย,Nutty
"Jul 12, 2026, 3:20:27 AM",35,นักวิจัย,ไร้สังกัด,นิ
"Jul 12, 2026, 6:49:14 AM",56,ครู,สกร.ระดับอำเภอแม่แตง,แรมรี่่
"Jul 12, 2026, 3:04:04 AM",13,นักเรียน,โรงเรียนเซนต์โยเซฟระยอง,Praew
"Jul 12, 2026, 7:47:43 AM",58,ธุรกิจส่วนตัว,เอกชน,หนึ่ง
"Jul 12, 2026, 9:45:45 AM",25,นักเรียน,โรงเรียนกะปิ,จีน
"Jul 12, 2026, 8:16:30 AM",45,ครู,อิสระ,Ameen
"Jul 12, 2026, 6:52:58 AM",13,นักเรียน,โรงเรียนตั้งพิรุฬห์ธรรม,iQ
"Jul 12, 2026, 3:23:32 AM",12,นักวิจัย,TDRI,Aa
"Jul 12, 2026, 7:21:16 AM",29,นักวิจัย,TDRI,โมส
"Jul 12, 2026, 2:51:18 AM",53,ครู,สกร.ระดับอำเภอฝาง,พา
"Jul 12, 2026, 3:27:08 AM",11,นักเรียน,โรงเรียนศาลเจ้า (ห้าวนุกูลวิทยา),แสตมป์
"Jul 12, 2026, 3:30:41 PM",3,นักเรียน,-,puzzle
"Jul 12, 2026, 6:53:45 AM",13,นักเรียน,กรุงเทพมหานคร,ยูโร
"Jul 12, 2026, 3:00:40 AM",18,นักเรียน,สกร.อำเภอแม่แตง,อ้อกแอ้ก
"Jul 12, 2026, 4:27:12 AM",22,นักเรียน,สกร.อำเภอเชียงดาว,ตาโต
"Jul 12, 2026, 2:45:28 AM",14,นักเรียน,โรงเรียนศีลาจาร์พิพัฒน์,จุ๊บจิ๊บ
"Jul 12, 2026, 3:03:52 AM",13,นักเรียน,โรงเรียนเซนต์โยเซฟระยอง,wiwa
"Jul 12, 2026, 5:37:43 AM",15,นักเรียน,โรงเรียนวัดล้านตอง,เปรม
"Jul 12, 2026, 2:41:51 AM",20,นักเรียน,สกร.ระดับอำเภอฝาง,May
"Jul 12, 2026, 2:45:18 AM",14,นักเรียน,ศีลาจารพิพัฒน์,เครป
"Jul 12, 2026, 7:02:48 AM",15,นักเรียน,โรงเรียนวัดล้านตอง,เปรม
"Jul 12, 2026, 4:34:17 AM",15,นักเรียน,โรงเรียนวัดล้านตอง,เปรม
"Jul 12, 2026, 5:46:23 AM",15,นักเรียน,โรงเรียนวัดล้านตอง,เปรม
"Jul 12, 2026, 5:09:42 AM",30,ครู,สกร.ระดับอำเภอฝาง,พริ้ง
"Jul 12, 2026, 7:37:57 AM",49,ครู,กรุงเทพมหานคร,Pook
"Jul 12, 2026, 3:21:36 AM",72,นักการศึกษา,มหาวิทยาลัยราชภัฏอุบล,ประสาร
"Jul 12, 2026, 2:40:35 AM",29,ครู,สพฐ.,ครูเก้า
"Jul 12, 2026, 8:07:11 AM",50,ครู,Bkk,B
"Jul 12, 2026, 5:03:18 AM",50,นักการศึกษา,สำนักการศึกษา,ไมกี้
"Jul 12, 2026, 2:28:35 AM",42,ครู,สช,ลูกจัน
"Jul 12, 2026, 10:23:56 AM",35,นักวิจัย,รร,J
"Jul 12, 2026, 5:54:11 AM",46,นักวิจัย,ม. ฟาร์ฯ,หนุ่ย
"Jul 12, 2026, 7:33:48 AM",55,นักการศึกษา,กทม.,ไก่
"Jul 12, 2026, 4:31:07 AM",24,Software Engineer,บริษัทเอกชน,ตุลย์
"Jul 12, 2026, 3:21:48 AM",5,นักเรียน,บุคคลทั่วไป,แทนแทน
"Jul 12, 2026, 6:12:26 AM",8,นักเรียน,โรงเรียน กรุงเทพคริสเตียนวิทยาลัย,porch
"Jul 12, 2026, 6:00:15 AM",55,ผู้ปกครอง,null,Kong
"Jul 12, 2026, 2:40:08 AM",27,ครู,สพฐ,ต้น
"Jul 12, 2026, 7:33:23 AM",1,ครู,Saturday School Foundation,Giraffe
"Jul 12, 2026, 2:56:27 AM",17,นักเรียน,สกร.ระดับอำเภอฝาง,ีขวัญ
"Jul 12, 2026, 3:15:43 AM",25,นักการศึกษา,SCBF,ปอมปอม
"Jul 12, 2026, 7:12:03 AM",22,รับจ้าง,มหาวิทยาลัยเกษตรศาสตร์,แพรวา
"Jul 12, 2026, 6:15:14 AM",10,นักเรียน,สพป.ชม.เขต 1,โอม
"Jul 12, 2026, 4:41:58 AM",27,พนักงานบริษัท,บริษัท ลูกคิด จำกัด,แพรว
"Jul 12, 2026, 5:48:57 AM",16,นักเรียน,โรงเรียนวัดล้านตอง,แสงโยง
"Jul 12, 2026, 4:38:40 AM",24,นักวิจัย,มหาวิทยาลัยเทคโนโลยีสุรนารี,จิ๊กซอว์
"Jul 12, 2026, 2:41:16 AM",17,นักเรียน,สกร.ระดับอำเภอฝาง,ขยัญ
"Jul 12, 2026, 2:49:46 AM",30,ครู,Shrewsbury international school,Earn
"Jul 12, 2026, 7:00:50 AM",13,นักเรียน,โรงเรียนตั้งพิรุฬห์ธรรม,ยูโร
"Jul 12, 2026, 4:03:32 AM",29,ครู,โรงเรียนเซนต์โยเซฟระยอง,Suky
"Jul 12, 2026, 5:50:56 AM",15,นักเรียน,โรงเรียนวัดล้านตอง,หมวยยย
"Jul 12, 2026, 7:40:50 AM",32,งานสื่อสาร,TDRI,Mint
"Jul 12, 2026, 7:11:58 AM",25,นักวิจัย,มูลนิธิ,นู่นนี่น่านนนน
"Jul 12, 2026, 8:12:24 AM",23,ครู,โรงเรียนวัฒนาวิทยาลัย,ฟ้า
"Jul 12, 2026, 2:45:29 AM",15,นักเรียน,โรงเรียนศีลาจารพิพัฒน์,รวงข้าว
"Jul 12, 2026, 5:10:06 AM",37,ครู,สกร.ระดับอำเภอฝาง,ปอแป้ง
"Jul 12, 2026, 3:43:53 AM",24,Researcher,SKT,เฮียง
"Jul 12, 2026, 4:31:23 AM",46,นักการศึกษา,กรุงเทพมหานคร,POK
"Jul 12, 2026, 1:45:32 AM",27,นักวิจัย,SKT,นน.
"Jul 12, 2026, 5:28:37 AM",36,นักวิจัย,Skooldio Tech,น้องนัน
"Jul 12, 2026, 4:29:09 AM",32,นักการศึกษา,ets kmutt,มะดรีม
"Jul 12, 2026, 4:37:58 AM",40,ครู,สพป.อุบลราชธานี เขต 1,Lek
"Jul 12, 2026, 2:45:33 AM",14,นักเรียน,โรงเรียนศีลาจานพิพัฒน์,Maprang
"Jul 12, 2026, 4:25:14 AM",25,พนักงานออฟฟิศ,lmwn,jn
"Jul 12, 2026, 8:09:25 AM",60,ทีีปรึกษา,DE,Pee
"Jul 12, 2026, 6:47:18 AM",23,นักการศึกษา,Kmitl,Paphum
"Jul 12, 2026, 7:36:20 AM",25,พนักงานเอกชน,ธนาคาร,pun
"Jul 12, 2026, 3:26:18 AM",43,นักวิจัย,Snowball Academy,บันนี่
"Jul 12, 2026, 4:02:52 AM",29,ครู,สช.,🌙
"Jul 12, 2026, 7:35:14 AM",59,ศึกษานิเทศก์,กรุงเทพมหานคร,ดร.แหวว
"Jul 12, 2026, 3:05:36 AM",32,พนักงาน,-,คมสัน
"Jul 12, 2026, 1:52:08 AM",26,โปรแกรมเมอร์,Skooldio Tech,เฮียง
"Jul 12, 2026, 4:43:44 AM",25,ครู,สกร.ระดับอำเภอเชียงดาว,Bell
"Jul 12, 2026, 8:10:53 AM",22,ครู,โรงเรียนสตรีวิทยา,อาร์ต
"Jul 12, 2026, 4:25:14 AM",25,พนักงานออฟฟิศ,The Active,มิก
"Jul 12, 2026, 4:48:37 AM",43,ครู,โรงเรียนคณะราษฎรบำรุง จังหวัดยะลา สพม.ยะลา,ดล
"Jul 12, 2026, 7:09:58 AM",39,ศึกษานิเทศก์,สพม.แพร่,ก้อย
"Jul 12, 2026, 2:02:00 AM",19,นักเรียน,โรงเรียนพรตพิทยพยัต,JA
"Jul 12, 2026, 5:42:11 AM",19,นักเรียน,พรตพิทยพยัต,Ja
"Jul 12, 2026, 7:03:01 AM",15,นักเรียน,ตั้งพฬ์ธรรม,ปามจั๊ฟ
"Jul 12, 2026, 2:39:39 AM",61,นักวิจัย,มหาวิทยาลัยราชภัฏพิบูลสงคราม,ตุ๋ย
"Jul 12, 2026, 4:31:18 AM",24,Software Developer,บริษัทเอกชน,Cloudy
"Jul 12, 2026, 4:50:42 AM",47,ศึกษานิเทศก์,สำนักการศึกษา กรุงเทพมหานคร,ตาล
"Jul 12, 2026, 5:58:23 AM",40,ครู,อุดมศึกษา,Nuch
"Jul 12, 2026, 2:46:54 AM",39,-,สภา,หนึ่ง
"Jul 12, 2026, 4:03:49 AM",30,ครู,-,จอย
"Jul 12, 2026, 5:28:38 AM",39,นักวิจัย,มหาวิทยาลัยกาฬสินธุ์,Fern
"Jul 12, 2026, 4:47:21 AM",22,ผู้บริหารการศึกษา,โรงเรียนสีแสดวิทยา,แอเรียล
"Jul 12, 2026, 2:02:01 AM",21,นักการศึกษา,มหาวิทยาลัยศรีปทุม,MOD
"Jul 12, 2026, 2:59:05 AM",24,นักเรียน,สกร.แม่แตง,ดา
"Jul 12, 2026, 6:47:45 AM",23,นักการศึกษา,สถาบันเทคโนโลยีพระจอมเกล้าเจ้าคุณทหารลาดกระบัง,กลาง
"Jul 12, 2026, 3:56:14 AM",10,นักเรียน,รร,มด
"Jul 12, 2026, 2:51:32 AM",14,นักเรียน,โรงเรียนเซนต์โยเซฟระยอง,เนเน่
"Jul 12, 2026, 3:07:01 AM",14,นักเรียน,โรงเรียนเซนต์โยเซฟระยอง,เนเน่
"Jul 12, 2026, 6:54:26 AM",49,ครู,กรุงเทพมหานคร,Pook
"Jul 12, 2026, 5:29:27 AM",33,พนักงานของรัฐ,รวพ.,กวาง
"Jul 12, 2026, 6:46:02 AM",31,ครู,สพม.กท.1,ใบเตย
"Jul 12, 2026, 8:13:08 AM",24,พนักงานบริษัทเอกชน,เอกชน,Dah
"Jul 12, 2026, 6:17:07 AM",32,ครู,โรงเรียนวัดล้านตอง,Lynn
"Jul 12, 2026, 2:28:52 AM",32,นักการศึกษา,สพป.สุโขทัย เขต 2,Aon
"Jul 12, 2026, 4:26:01 AM",41,ครู,โรงเรียนบัวขาว,ฟ้า
"Jul 12, 2026, 5:32:33 AM",34,พนง,คาปี้,แจ้ค