createdAt,activityId,userId,ชื่อกิจกรรม,ประเภท,เริ่มเล่นเมื่อ,เล่นจบเมื่อ
"Jul 12, 2026, 4:07:43 PM",CONTEST_16,25a07332-7ac3-444e-bb54-25a02241f9e9,ครัวป่วนจานแปลก,out-class,"Jul 12, 2026, 4:07:43 PM","Jul 12, 2026, 4:10:15 PM"
"Jul 12, 2026, 4:06:28 PM",TERRARIUM_09,25a07332-7ac3-444e-bb54-25a02241f9e9,คาปิคราฟท์,out-class,"Jul 12, 2026, 4:06:28 PM","Jul 12, 2026, 4:07:28 PM"
"Jul 12, 2026, 4:03:58 PM",TERRARIUM_09,25a07332-7ac3-444e-bb54-25a02241f9e9,คาปิคราฟท์,out-class,"Jul 12, 2026, 4:03:58 PM","Jul 12, 2026, 4:06:19 PM"
"Jul 12, 2026, 1:16:20 PM",TERRARIUM_03,7fc23a01-c279-4f0c-bac0-3752344b96cc,คาปิคราฟท์,out-class,"Jul 12, 2026, 1:16:20 PM","Jul 12, 2026, 1:17:19 PM"
"Jul 12, 2026, 1:14:34 PM",TERRARIUM_03,7fc23a01-c279-4f0c-bac0-3752344b96cc,คาปิคราฟท์,out-class,"Jul 12, 2026, 1:14:34 PM","Jul 12, 2026, 1:16:16 PM"
"Jul 12, 2026, 12:20:42 PM",TERRARIUM_19,f5ec6cec-c294-4977-b2dd-bc516c2df718,คาปิคราฟท์,out-class,"Jul 12, 2026, 12:20:42 PM","Jul 12, 2026, 12:22:09 PM"
"Jul 12, 2026, 12:18:30 PM",TERRARIUM_19,f5ec6cec-c294-4977-b2dd-bc516c2df718,คาปิคราฟท์,out-class,"Jul 12, 2026, 12:18:30 PM","Jul 12, 2026, 12:20:41 PM"
"Jul 12, 2026, 12:17:04 PM",TERRARIUM_19,f5ec6cec-c294-4977-b2dd-bc516c2df718,คาปิคราฟท์,out-class,"Jul 12, 2026, 12:17:04 PM","Jul 12, 2026, 12:18:28 PM"
"Jul 12, 2026, 3:24:52 AM",SURVIVOR_09,f5ec6cec-c294-4977-b2dd-bc516c2df718,คาปิ 9 ชีวิต,out-class,"Jul 12, 2026, 3:24:52 AM","Jul 12, 2026, 12:16:46 PM"
"Jul 12, 2026, 10:27:24 AM",TERRARIUM_04,6dad7818-8fcc-41b3-a93b-2b9d83710856,คาปิคราฟท์,out-class,"Jul 12, 2026, 10:27:24 AM","Jul 12, 2026, 10:28:48 AM"
"Jul 12, 2026, 10:24:39 AM",TERRARIUM_04,6dad7818-8fcc-41b3-a93b-2b9d83710856,คาปิคราฟท์,out-class,"Jul 12, 2026, 10:24:39 AM","Jul 12, 2026, 10:27:16 AM"
"Jul 12, 2026, 9:53:30 AM",581a1e34-77ec-4788-a471-1d272d1089f6,81eb3a93-d7e4-4c79-b9ef-66e39997f720,ผจญภัยใต้พื้นโลกกับ ดร.บ๊อบ,in-class,"Jul 12, 2026, 9:53:30 AM","Jul 12, 2026, 9:55:11 AM"
"Jul 12, 2026, 9:53:03 AM",581a1e34-77ec-4788-a471-1d272d1089f6,81eb3a93-d7e4-4c79-b9ef-66e39997f720,ผจญภัยใต้พื้นโลกกับ ดร.บ๊อบ,in-class,"Jul 12, 2026, 9:53:03 AM","Jul 12, 2026, 9:53:24 AM"
"Jul 12, 2026, 9:36:59 AM",SURVIVOR_01,af580e06-fb39-43b1-8980-ff4d1eead1c7,คาปิ 9 ชีวิต,out-class,"Jul 12, 2026, 9:36:59 AM","Jul 12, 2026, 9:39:30 AM"
"Jul 12, 2026, 9:31:04 AM",CONTEST_22,af580e06-fb39-43b1-8980-ff4d1eead1c7,ครัวป่วนจานแปลก,out-class,"Jul 12, 2026, 9:31:04 AM","Jul 12, 2026, 9:36:26 AM"
"Jul 12, 2026, 9:28:13 AM",DRESSING_22,af580e06-fb39-43b1-8980-ff4d1eead1c7,คาปิคราฟท์,out-class,"Jul 12, 2026, 9:28:13 AM","Jul 12, 2026, 9:30:13 AM"
"Jul 12, 2026, 9:18:23 AM",SURVIVOR_47,ab1ec541-afd4-4fa8-bcd1-d72e673eefcc,คาปิ 9 ชีวิต,out-class,"Jul 12, 2026, 9:18:23 AM","Jul 12, 2026, 9:24:52 AM"
"Jul 12, 2026, 9:16:46 AM",DRESSING_10,ab1ec541-afd4-4fa8-bcd1-d72e673eefcc,คาปิคราฟท์,out-class,"Jul 12, 2026, 9:16:46 AM","Jul 12, 2026, 9:18:12 AM"
"Jul 12, 2026, 9:13:11 AM",2008ad94-4f77-40e7-b200-7318727b2f5c,ab1ec541-afd4-4fa8-bcd1-d72e673eefcc,การบ้านพุทธประวัติของเจเจ,in-class,"Jul 12, 2026, 9:13:11 AM","Jul 12, 2026, 9:15:03 AM"
"Jul 12, 2026, 8:41:05 AM",2008ad94-4f77-40e7-b200-7318727b2f5c,ab1ec541-afd4-4fa8-bcd1-d72e673eefcc,การบ้านพุทธประวัติของเจเจ,in-class,"Jul 12, 2026, 8:41:05 AM","Jul 12, 2026, 9:12:49 AM"
"Jul 12, 2026, 8:39:21 AM",79d49a17-2f8e-41b7-84c3-f1ca5f26ec74,ab1ec541-afd4-4fa8-bcd1-d72e673eefcc,พูดแบบนี้ เขียนแบบไหน,in-class,"Jul 12, 2026, 8:39:21 AM","Jul 12, 2026, 8:40:29 AM"
"Jul 12, 2026, 8:34:37 AM",CONTEST_42,ab1ec541-afd4-4fa8-bcd1-d72e673eefcc,ครัวป่วนจานแปลก,out-class,"Jul 12, 2026, 8:34:37 AM","Jul 12, 2026, 8:36:57 AM"
"Jul 12, 2026, 8:32:59 AM",SURVIVOR_30,ab1ec541-afd4-4fa8-bcd1-d72e673eefcc,คาปิ 9 ชีวิต,out-class,"Jul 12, 2026, 8:32:59 AM","Jul 12, 2026, 8:34:17 AM"
"Jul 12, 2026, 8:31:31 AM",TERRARIUM_06,ab1ec541-afd4-4fa8-bcd1-d72e673eefcc,คาปิคราฟท์,out-class,"Jul 12, 2026, 8:31:31 AM","Jul 12, 2026, 8:32:28 AM"
"Jul 12, 2026, 8:29:58 AM",TERRARIUM_06,ab1ec541-afd4-4fa8-bcd1-d72e673eefcc,คาปิคราฟท์,out-class,"Jul 12, 2026, 8:29:58 AM","Jul 12, 2026, 8:31:20 AM"
"Jul 12, 2026, 8:22:22 AM",03a7b506-f65d-4063-b531-d8538a11e5bd,ab1ec541-afd4-4fa8-bcd1-d72e673eefcc,เสียงจากคนละมิติ 2 มิติ สู่ 3 มิติ,in-class,"Jul 12, 2026, 8:22:22 AM","Jul 12, 2026, 8:25:58 AM"
"Jul 12, 2026, 8:20:12 AM",03a7b506-f65d-4063-b531-d8538a11e5bd,ac8674c5-41c6-4975-ba2d-65884b8f108b,เสียงจากคนละมิติ 2 มิติ สู่ 3 มิติ,in-class,"Jul 12, 2026, 8:20:12 AM","Jul 12, 2026, 8:22:22 AM"
"Jul 12, 2026, 8:18:36 AM",CONTEST_39,ae9f17a8-7fe5-4bba-ad45-84d91ae0d020,ครัวป่วนจานแปลก,out-class,"Jul 12, 2026, 8:18:36 AM","Jul 12, 2026, 8:21:55 AM"
"Jul 12, 2026, 8:19:35 AM",CONTEST_19,2ac8e84e-f4b0-4ef4-99ec-a9d4601f4dbe,ครัวป่วนจานแปลก,out-class,"Jul 12, 2026, 8:19:35 AM","Jul 12, 2026, 8:20:44 AM"
"Jul 12, 2026, 8:17:30 AM",581a1e34-77ec-4788-a471-1d272d1089f6,9e54a55f-cf81-423c-a390-dd51738f9831,ผจญภัยใต้พื้นโลกกับ ดร.บ๊อบ,in-class,"Jul 12, 2026, 8:17:30 AM","Jul 12, 2026, 8:20:04 AM"
"Jul 12, 2026, 8:17:10 AM",03a7b506-f65d-4063-b531-d8538a11e5bd,ac8674c5-41c6-4975-ba2d-65884b8f108b,เสียงจากคนละมิติ 2 มิติ สู่ 3 มิติ,in-class,"Jul 12, 2026, 8:17:10 AM","Jul 12, 2026, 8:19:25 AM"
"Jul 12, 2026, 8:13:35 AM",581a1e34-77ec-4788-a471-1d272d1089f6,a3d17f5c-0b41-4466-9729-81cbe031b55e,ผจญภัยใต้พื้นโลกกับ ดร.บ๊อบ,in-class,"Jul 12, 2026, 8:13:35 AM","Jul 12, 2026, 8:19:19 AM"
"Jul 12, 2026, 8:18:48 AM",TERRARIUM_21,2ac8e84e-f4b0-4ef4-99ec-a9d4601f4dbe,คาปิคราฟท์,out-class,"Jul 12, 2026, 8:18:48 AM","Jul 12, 2026, 8:19:15 AM"
"Jul 12, 2026, 8:16:53 AM",SURVIVOR_25,2ac8e84e-f4b0-4ef4-99ec-a9d4601f4dbe,คาปิ 9 ชีวิต,out-class,"Jul 12, 2026, 8:16:53 AM","Jul 12, 2026, 8:18:09 AM"
"Jul 12, 2026, 8:16:11 AM",SURVIVOR_28,34829dd6-d24a-406d-81e4-17a15dabe9d8,คาปิ 9 ชีวิต,out-class,"Jul 12, 2026, 8:16:11 AM","Jul 12, 2026, 8:17:55 AM"
"Jul 12, 2026, 8:12:04 AM",2008ad94-4f77-40e7-b200-7318727b2f5c,ae9f17a8-7fe5-4bba-ad45-84d91ae0d020,การบ้านพุทธประวัติของเจเจ,in-class,"Jul 12, 2026, 8:12:04 AM","Jul 12, 2026, 8:16:53 AM"
"Jul 12, 2026, 8:14:00 AM",581a1e34-77ec-4788-a471-1d272d1089f6,9e54a55f-cf81-423c-a390-dd51738f9831,ผจญภัยใต้พื้นโลกกับ ดร.บ๊อบ,in-class,"Jul 12, 2026, 8:14:00 AM","Jul 12, 2026, 8:16:13 AM"
"Jul 12, 2026, 8:11:01 AM",03a7b506-f65d-4063-b531-d8538a11e5bd,ac8674c5-41c6-4975-ba2d-65884b8f108b,เสียงจากคนละมิติ 2 มิติ สู่ 3 มิติ,in-class,"Jul 12, 2026, 8:11:01 AM","Jul 12, 2026, 8:14:46 AM"
"Jul 12, 2026, 8:10:53 AM",581a1e34-77ec-4788-a471-1d272d1089f6,ab1ec541-afd4-4fa8-bcd1-d72e673eefcc,ผจญภัยใต้พื้นโลกกับ ดร.บ๊อบ,in-class,"Jul 12, 2026, 8:10:53 AM","Jul 12, 2026, 8:13:52 AM"
"Jul 12, 2026, 8:12:06 AM",581a1e34-77ec-4788-a471-1d272d1089f6,2d3199ad-a33a-4d0f-a399-ca09b3f4557a,ผจญภัยใต้พื้นโลกกับ ดร.บ๊อบ,in-class,"Jul 12, 2026, 8:12:06 AM","Jul 12, 2026, 8:13:47 AM"
"Jul 12, 2026, 8:10:21 AM",581a1e34-77ec-4788-a471-1d272d1089f6,34829dd6-d24a-406d-81e4-17a15dabe9d8,ผจญภัยใต้พื้นโลกกับ ดร.บ๊อบ,in-class,"Jul 12, 2026, 8:10:21 AM","Jul 12, 2026, 8:13:05 AM"
"Jul 12, 2026, 8:10:50 AM",581a1e34-77ec-4788-a471-1d272d1089f6,2d3199ad-a33a-4d0f-a399-ca09b3f4557a,ผจญภัยใต้พื้นโลกกับ ดร.บ๊อบ,in-class,"Jul 12, 2026, 8:10:50 AM","Jul 12, 2026, 8:11:59 AM"
"Jul 12, 2026, 7:38:56 AM",581a1e34-77ec-4788-a471-1d272d1089f6,b918b0a9-033e-4938-bda7-69838cf163a9,ผจญภัยใต้พื้นโลกกับ ดร.บ๊อบ,in-class,"Jul 12, 2026, 7:38:56 AM","Jul 12, 2026, 8:11:17 AM"
"Jul 12, 2026, 8:09:25 AM",581a1e34-77ec-4788-a471-1d272d1089f6,ab1ec541-afd4-4fa8-bcd1-d72e673eefcc,ผจญภัยใต้พื้นโลกกับ ดร.บ๊อบ,in-class,"Jul 12, 2026, 8:09:25 AM","Jul 12, 2026, 8:10:41 AM"
"Jul 12, 2026, 8:07:15 AM",581a1e34-77ec-4788-a471-1d272d1089f6,2d3199ad-a33a-4d0f-a399-ca09b3f4557a,ผจญภัยใต้พื้นโลกกับ ดร.บ๊อบ,in-class,"Jul 12, 2026, 8:07:15 AM","Jul 12, 2026, 8:10:33 AM"
"Jul 12, 2026, 7:59:34 AM",03a7b506-f65d-4063-b531-d8538a11e5bd,6fa13a3a-da47-4faf-9f64-d8234116bf6e,เสียงจากคนละมิติ 2 มิติ สู่ 3 มิติ,in-class,"Jul 12, 2026, 7:59:34 AM","Jul 12, 2026, 8:03:46 AM"
"Jul 12, 2026, 7:58:58 AM",03a7b506-f65d-4063-b531-d8538a11e5bd,6fa13a3a-da47-4faf-9f64-d8234116bf6e,เสียงจากคนละมิติ 2 มิติ สู่ 3 มิติ,in-class,"Jul 12, 2026, 7:58:58 AM","Jul 12, 2026, 7:59:22 AM"
"Jul 12, 2026, 7:57:48 AM",03a7b506-f65d-4063-b531-d8538a11e5bd,6fa13a3a-da47-4faf-9f64-d8234116bf6e,เสียงจากคนละมิติ 2 มิติ สู่ 3 มิติ,in-class,"Jul 12, 2026, 7:57:48 AM","Jul 12, 2026, 7:58:35 AM"
"Jul 12, 2026, 7:48:34 AM",79d49a17-2f8e-41b7-84c3-f1ca5f26ec74,eba8151c-89ca-4448-9072-d60b0269454a,พูดแบบนี้ เขียนแบบไหน,in-class,"Jul 12, 2026, 7:48:34 AM","Jul 12, 2026, 7:53:44 AM"
"Jul 12, 2026, 7:48:17 AM",03a7b506-f65d-4063-b531-d8538a11e5bd,5f1225f8-1099-47ed-ac02-2b9ad8d04afd,เสียงจากคนละมิติ 2 มิติ สู่ 3 มิติ,in-class,"Jul 12, 2026, 7:48:17 AM","Jul 12, 2026, 7:52:20 AM"
"Jul 12, 2026, 7:42:07 AM",03a7b506-f65d-4063-b531-d8538a11e5bd,9b05cfae-13d1-41a2-89ca-a7771c34a24d,เสียงจากคนละมิติ 2 มิติ สู่ 3 มิติ,in-class,"Jul 12, 2026, 7:42:07 AM","Jul 12, 2026, 7:44:58 AM"
"Jul 12, 2026, 7:38:54 AM",581a1e34-77ec-4788-a471-1d272d1089f6,6a3270cb-94ba-4f8d-91da-1181edb484d0,ผจญภัยใต้พื้นโลกกับ ดร.บ๊อบ,in-class,"Jul 12, 2026, 7:38:54 AM","Jul 12, 2026, 7:40:59 AM"
"Jul 12, 2026, 7:34:00 AM",CONTEST_35,6a3270cb-94ba-4f8d-91da-1181edb484d0,ครัวป่วนจานแปลก,out-class,"Jul 12, 2026, 7:34:00 AM","Jul 12, 2026, 7:36:59 AM"
"Jul 12, 2026, 7:31:44 AM",CONTEST_23,84ce1de0-4c42-4c26-ae56-ad6651869c39,ครัวป่วนจานแปลก,out-class,"Jul 12, 2026, 7:31:44 AM","Jul 12, 2026, 7:35:17 AM"
"Jul 12, 2026, 7:22:00 AM",581a1e34-77ec-4788-a471-1d272d1089f6,8643b59c-e774-4c49-997e-807ca071c8ef,ผจญภัยใต้พื้นโลกกับ ดร.บ๊อบ,in-class,"Jul 12, 2026, 7:22:00 AM","Jul 12, 2026, 7:34:52 AM"
"Jul 12, 2026, 7:25:10 AM",SURVIVOR_35,84ce1de0-4c42-4c26-ae56-ad6651869c39,คาปิ 9 ชีวิต,out-class,"Jul 12, 2026, 7:25:10 AM","Jul 12, 2026, 7:29:58 AM"
"Jul 12, 2026, 7:21:55 AM",TERRARIUM_18,84ce1de0-4c42-4c26-ae56-ad6651869c39,คาปิคราฟท์,out-class,"Jul 12, 2026, 7:21:55 AM","Jul 12, 2026, 7:24:54 AM"
"Jul 12, 2026, 7:19:16 AM",581a1e34-77ec-4788-a471-1d272d1089f6,8643b59c-e774-4c49-997e-807ca071c8ef,ผจญภัยใต้พื้นโลกกับ ดร.บ๊อบ,in-class,"Jul 12, 2026, 7:19:16 AM","Jul 12, 2026, 7:21:36 AM"
"Jul 12, 2026, 7:13:48 AM",79d49a17-2f8e-41b7-84c3-f1ca5f26ec74,2a2922e8-d0ed-4221-a51d-bdd3d9d354ac,พูดแบบนี้ เขียนแบบไหน,in-class,"Jul 12, 2026, 7:13:48 AM","Jul 12, 2026, 7:17:46 AM"
"Jul 12, 2026, 7:12:19 AM",581a1e34-77ec-4788-a471-1d272d1089f6,9c3180d8-4dd8-4f3b-b7d1-b54a1dcd52e9,ผจญภัยใต้พื้นโลกกับ ดร.บ๊อบ,in-class,"Jul 12, 2026, 7:12:19 AM","Jul 12, 2026, 7:16:51 AM"
"Jul 12, 2026, 7:10:11 AM",581a1e34-77ec-4788-a471-1d272d1089f6,41837a2b-5ba8-4973-88a7-4206d1eb7035,ผจญภัยใต้พื้นโลกกับ ดร.บ๊อบ,in-class,"Jul 12, 2026, 7:10:11 AM","Jul 12, 2026, 7:13:57 AM"
"Jul 12, 2026, 7:04:58 AM",581a1e34-77ec-4788-a471-1d272d1089f6,8643b59c-e774-4c49-997e-807ca071c8ef,ผจญภัยใต้พื้นโลกกับ ดร.บ๊อบ,in-class,"Jul 12, 2026, 7:04:58 AM","Jul 12, 2026, 7:13:46 AM"
"Jul 12, 2026, 7:03:07 AM",581a1e34-77ec-4788-a471-1d272d1089f6,410c167f-9c3c-4c28-9828-5c5dcad57476,ผจญภัยใต้พื้นโลกกับ ดร.บ๊อบ,in-class,"Jul 12, 2026, 7:03:07 AM","Jul 12, 2026, 7:13:18 AM"
"Jul 12, 2026, 7:12:40 AM",581a1e34-77ec-4788-a471-1d272d1089f6,9c608188-ab8d-4d6f-8f62-c8c221dd17b4,ผจญภัยใต้พื้นโลกกับ ดร.บ๊อบ,in-class,"Jul 12, 2026, 7:12:40 AM","Jul 12, 2026, 7:12:51 AM"
"Jul 12, 2026, 7:10:22 AM",581a1e34-77ec-4788-a471-1d272d1089f6,9c608188-ab8d-4d6f-8f62-c8c221dd17b4,ผจญภัยใต้พื้นโลกกับ ดร.บ๊อบ,in-class,"Jul 12, 2026, 7:10:22 AM","Jul 12, 2026, 7:12:25 AM"
"Jul 12, 2026, 7:06:23 AM",581a1e34-77ec-4788-a471-1d272d1089f6,448b64ea-f35d-4064-8abd-f30f7b3cf852,ผจญภัยใต้พื้นโลกกับ ดร.บ๊อบ,in-class,"Jul 12, 2026, 7:06:23 AM","Jul 12, 2026, 7:12:20 AM"
"Jul 12, 2026, 7:03:04 AM",SURVIVOR_02,92bb5a48-4920-40da-b4ff-4f1651022f66,คาปิ 9 ชีวิต,out-class,"Jul 12, 2026, 7:03:04 AM","Jul 12, 2026, 7:05:09 AM"
"Jul 12, 2026, 7:00:56 AM",CONTEST_24,8643b59c-e774-4c49-997e-807ca071c8ef,ครัวป่วนจานแปลก,out-class,"Jul 12, 2026, 7:00:56 AM","Jul 12, 2026, 7:04:32 AM"
"Jul 12, 2026, 7:02:16 AM",DRESSING_20,448b64ea-f35d-4064-8abd-f30f7b3cf852,คาปิคราฟท์,out-class,"Jul 12, 2026, 7:02:16 AM","Jul 12, 2026, 7:03:05 AM"
"Jul 12, 2026, 7:00:13 AM",DRESSING_20,448b64ea-f35d-4064-8abd-f30f7b3cf852,คาปิคราฟท์,out-class,"Jul 12, 2026, 7:00:13 AM","Jul 12, 2026, 7:02:14 AM"
"Jul 12, 2026, 6:57:49 AM",DRESSING_10,a1ec98a3-ef90-4bbc-83b3-5f84d702811c,คาปิคราฟท์,out-class,"Jul 12, 2026, 6:57:49 AM","Jul 12, 2026, 7:00:12 AM"
"Jul 12, 2026, 6:59:35 AM",SURVIVOR_31,448b64ea-f35d-4064-8abd-f30f7b3cf852,คาปิ 9 ชีวิต,out-class,"Jul 12, 2026, 6:59:35 AM","Jul 12, 2026, 6:59:59 AM"
"Jul 12, 2026, 6:57:28 AM",SURVIVOR_31,448b64ea-f35d-4064-8abd-f30f7b3cf852,คาปิ 9 ชีวิต,out-class,"Jul 12, 2026, 6:57:28 AM","Jul 12, 2026, 6:59:23 AM"
"Jul 12, 2026, 6:54:25 AM",CONTEST_14,72e180e4-f273-45a2-b293-4849a5db97bd,ครัวป่วนจานแปลก,out-class,"Jul 12, 2026, 6:54:25 AM","Jul 12, 2026, 6:58:36 AM"
"Jul 12, 2026, 6:52:11 AM",79d49a17-2f8e-41b7-84c3-f1ca5f26ec74,a55911e6-6741-4333-bec2-05f29acac278,พูดแบบนี้ เขียนแบบไหน,in-class,"Jul 12, 2026, 6:52:11 AM","Jul 12, 2026, 6:57:28 AM"
"Jul 12, 2026, 6:53:44 AM",CONTEST_36,448b64ea-f35d-4064-8abd-f30f7b3cf852,ครัวป่วนจานแปลก,out-class,"Jul 12, 2026, 6:53:44 AM","Jul 12, 2026, 6:56:55 AM"
"Jul 12, 2026, 6:54:25 AM",SURVIVOR_05,a1ec98a3-ef90-4bbc-83b3-5f84d702811c,คาปิ 9 ชีวิต,out-class,"Jul 12, 2026, 6:54:25 AM","Jul 12, 2026, 6:56:38 AM"
"Jul 12, 2026, 6:56:31 AM",581a1e34-77ec-4788-a471-1d272d1089f6,7c11f9b9-bf4c-43e1-9c2b-35e5ad563d1e,ผจญภัยใต้พื้นโลกกับ ดร.บ๊อบ,in-class,"Jul 12, 2026, 6:56:31 AM","Jul 12, 2026, 6:56:36 AM"
"Jul 12, 2026, 6:54:11 AM",SURVIVOR_43,0cca7fbf-a51b-4244-b457-5470fab577bb,คาปิ 9 ชีวิต,out-class,"Jul 12, 2026, 6:54:11 AM","Jul 12, 2026, 6:56:32 AM"
"Jul 12, 2026, 6:52:15 AM",79d49a17-2f8e-41b7-84c3-f1ca5f26ec74,bb78d134-b992-4a1a-8a32-ff8fca8b72ae,พูดแบบนี้ เขียนแบบไหน,in-class,"Jul 12, 2026, 6:52:15 AM","Jul 12, 2026, 6:55:44 AM"
"Jul 12, 2026, 6:51:01 AM",TERRARIUM_22,0cca7fbf-a51b-4244-b457-5470fab577bb,คาปิคราฟท์,out-class,"Jul 12, 2026, 6:51:01 AM","Jul 12, 2026, 6:53:55 AM"
"Jul 12, 2026, 6:49:15 AM",581a1e34-77ec-4788-a471-1d272d1089f6,d0116cf9-0565-4381-83b8-0bc2f8f9b070,ผจญภัยใต้พื้นโลกกับ ดร.บ๊อบ,in-class,"Jul 12, 2026, 6:49:15 AM","Jul 12, 2026, 6:53:09 AM"
"Jul 12, 2026, 6:49:31 AM",581a1e34-77ec-4788-a471-1d272d1089f6,7c11f9b9-bf4c-43e1-9c2b-35e5ad563d1e,ผจญภัยใต้พื้นโลกกับ ดร.บ๊อบ,in-class,"Jul 12, 2026, 6:49:31 AM","Jul 12, 2026, 6:51:25 AM"
"Jul 12, 2026, 6:50:00 AM",TERRARIUM_16,0cca7fbf-a51b-4244-b457-5470fab577bb,คาปิคราฟท์,out-class,"Jul 12, 2026, 6:50:00 AM","Jul 12, 2026, 6:50:50 AM"
"Jul 12, 2026, 6:46:55 AM",CONTEST_09,0cca7fbf-a51b-4244-b457-5470fab577bb,ครัวป่วนจานแปลก,out-class,"Jul 12, 2026, 6:46:55 AM","Jul 12, 2026, 6:49:56 AM"
"Jul 12, 2026, 6:45:54 AM",DRESSING_25,0cca7fbf-a51b-4244-b457-5470fab577bb,คาปิคราฟท์,out-class,"Jul 12, 2026, 6:45:54 AM","Jul 12, 2026, 6:46:43 AM"
"Jul 12, 2026, 6:35:04 AM",SURVIVOR_20,9e234dca-9d0a-4684-ae71-e8e5232db25e,คาปิ 9 ชีวิต,out-class,"Jul 12, 2026, 6:35:04 AM","Jul 12, 2026, 6:43:39 AM"
"Jul 12, 2026, 6:32:39 AM",CONTEST_24,9e234dca-9d0a-4684-ae71-e8e5232db25e,ครัวป่วนจานแปลก,out-class,"Jul 12, 2026, 6:32:39 AM","Jul 12, 2026, 6:34:50 AM"
"Jul 12, 2026, 6:32:16 AM",79d49a17-2f8e-41b7-84c3-f1ca5f26ec74,657090a1-75de-4779-96b2-c50dc0f30281,พูดแบบนี้ เขียนแบบไหน,in-class,"Jul 12, 2026, 6:32:16 AM","Jul 12, 2026, 6:34:03 AM"
"Jul 12, 2026, 6:29:45 AM",03a7b506-f65d-4063-b531-d8538a11e5bd,4b60e564-2dc3-4500-99bc-e9c7a637cdf7,เสียงจากคนละมิติ 2 มิติ สู่ 3 มิติ,in-class,"Jul 12, 2026, 6:29:45 AM","Jul 12, 2026, 6:32:04 AM"
"Jul 12, 2026, 6:28:25 AM",03a7b506-f65d-4063-b531-d8538a11e5bd,657090a1-75de-4779-96b2-c50dc0f30281,เสียงจากคนละมิติ 2 มิติ สู่ 3 มิติ,in-class,"Jul 12, 2026, 6:28:25 AM","Jul 12, 2026, 6:30:38 AM"
"Jul 12, 2026, 6:29:39 AM",03a7b506-f65d-4063-b531-d8538a11e5bd,4b60e564-2dc3-4500-99bc-e9c7a637cdf7,เสียงจากคนละมิติ 2 มิติ สู่ 3 มิติ,in-class,"Jul 12, 2026, 6:29:39 AM","Jul 12, 2026, 6:29:42 AM"
"Jul 12, 2026, 6:17:28 AM",2008ad94-4f77-40e7-b200-7318727b2f5c,d4e4a39a-3aa8-44ba-baef-747d6dcce1ba,การบ้านพุทธประวัติของเจเจ,in-class,"Jul 12, 2026, 6:17:28 AM","Jul 12, 2026, 6:23:25 AM"
"Jul 12, 2026, 6:15:28 AM",03a7b506-f65d-4063-b531-d8538a11e5bd,4b60e564-2dc3-4500-99bc-e9c7a637cdf7,เสียงจากคนละมิติ 2 มิติ สู่ 3 มิติ,in-class,"Jul 12, 2026, 6:15:28 AM","Jul 12, 2026, 6:23:12 AM"
"Jul 12, 2026, 6:17:32 AM",581a1e34-77ec-4788-a471-1d272d1089f6,6a7d5958-0aad-49fc-9032-b360ad4b2028,ผจญภัยใต้พื้นโลกกับ ดร.บ๊อบ,in-class,"Jul 12, 2026, 6:17:32 AM","Jul 12, 2026, 6:21:13 AM"
"Jul 12, 2026, 6:14:43 AM",581a1e34-77ec-4788-a471-1d272d1089f6,6a7d5958-0aad-49fc-9032-b360ad4b2028,ผจญภัยใต้พื้นโลกกับ ดร.บ๊อบ,in-class,"Jul 12, 2026, 6:14:43 AM","Jul 12, 2026, 6:16:52 AM"
"Jul 12, 2026, 6:12:32 AM",581a1e34-77ec-4788-a471-1d272d1089f6,6a7d5958-0aad-49fc-9032-b360ad4b2028,ผจญภัยใต้พื้นโลกกับ ดร.บ๊อบ,in-class,"Jul 12, 2026, 6:12:32 AM","Jul 12, 2026, 6:14:31 AM"
"Jul 12, 2026, 6:04:24 AM",CONTEST_38,d6d6f913-1a3a-4be5-b512-b718e381aabf,ครัวป่วนจานแปลก,out-class,"Jul 12, 2026, 6:04:24 AM","Jul 12, 2026, 6:07:43 AM"
"Jul 12, 2026, 6:02:55 AM",TERRARIUM_02,d6d6f913-1a3a-4be5-b512-b718e381aabf,คาปิคราฟท์,out-class,"Jul 12, 2026, 6:02:55 AM","Jul 12, 2026, 6:04:12 AM"
"Jul 12, 2026, 6:03:18 AM",2008ad94-4f77-40e7-b200-7318727b2f5c,26e30af9-be9a-48e8-acc4-9f7a4472a83f,การบ้านพุทธประวัติของเจเจ,in-class,"Jul 12, 2026, 6:03:18 AM","Jul 12, 2026, 6:04:10 AM"
"Jul 12, 2026, 6:00:24 AM",TERRARIUM_02,d6d6f913-1a3a-4be5-b512-b718e381aabf,คาปิคราฟท์,out-class,"Jul 12, 2026, 6:00:24 AM","Jul 12, 2026, 6:02:51 AM"
"Jul 12, 2026, 5:54:16 AM",581a1e34-77ec-4788-a471-1d272d1089f6,6f372962-f3f2-4e0e-ab82-a79d5f0dadb9,ผจญภัยใต้พื้นโลกกับ ดร.บ๊อบ,in-class,"Jul 12, 2026, 5:54:16 AM","Jul 12, 2026, 5:57:08 AM"
"Jul 12, 2026, 5:54:51 AM",CONTEST_41,62952b98-d4ff-43ce-af95-9326bbd25d11,ครัวป่วนจานแปลก,out-class,"Jul 12, 2026, 5:54:51 AM","Jul 12, 2026, 5:57:01 AM"
"Jul 12, 2026, 5:51:05 AM",SURVIVOR_45,9af647f8-55bf-45e4-ab78-a5e4638b63ec,คาปิ 9 ชีวิต,out-class,"Jul 12, 2026, 5:51:05 AM","Jul 12, 2026, 5:54:59 AM"
"Jul 12, 2026, 5:51:44 AM",CONTEST_29,b6d47d7f-3671-4cbf-8652-dabee441e1b3,ครัวป่วนจานแปลก,out-class,"Jul 12, 2026, 5:51:44 AM","Jul 12, 2026, 5:54:06 AM"
"Jul 12, 2026, 5:48:50 AM",2008ad94-4f77-40e7-b200-7318727b2f5c,3c3b4de0-ff19-4df6-99a9-fea1f6088e28,การบ้านพุทธประวัติของเจเจ,in-class,"Jul 12, 2026, 5:48:50 AM","Jul 12, 2026, 5:53:44 AM"
"Jul 12, 2026, 5:51:34 AM",CONTEST_45,62952b98-d4ff-43ce-af95-9326bbd25d11,ครัวป่วนจานแปลก,out-class,"Jul 12, 2026, 5:51:34 AM","Jul 12, 2026, 5:53:37 AM"
"Jul 12, 2026, 5:49:02 AM",TERRARIUM_15,6f372962-f3f2-4e0e-ab82-a79d5f0dadb9,คาปิคราฟท์,out-class,"Jul 12, 2026, 5:49:02 AM","Jul 12, 2026, 5:52:49 AM"
"Jul 12, 2026, 5:48:57 AM",581a1e34-77ec-4788-a471-1d272d1089f6,62952b98-d4ff-43ce-af95-9326bbd25d11,ผจญภัยใต้พื้นโลกกับ ดร.บ๊อบ,in-class,"Jul 12, 2026, 5:48:57 AM","Jul 12, 2026, 5:51:08 AM"
"Jul 12, 2026, 5:45:43 AM",581a1e34-77ec-4788-a471-1d272d1089f6,9af647f8-55bf-45e4-ab78-a5e4638b63ec,ผจญภัยใต้พื้นโลกกับ ดร.บ๊อบ,in-class,"Jul 12, 2026, 5:45:43 AM","Jul 12, 2026, 5:49:52 AM"
"Jul 12, 2026, 5:47:39 AM",581a1e34-77ec-4788-a471-1d272d1089f6,62952b98-d4ff-43ce-af95-9326bbd25d11,ผจญภัยใต้พื้นโลกกับ ดร.บ๊อบ,in-class,"Jul 12, 2026, 5:47:39 AM","Jul 12, 2026, 5:48:35 AM"
"Jul 12, 2026, 5:42:36 AM",2008ad94-4f77-40e7-b200-7318727b2f5c,3c3b4de0-ff19-4df6-99a9-fea1f6088e28,การบ้านพุทธประวัติของเจเจ,in-class,"Jul 12, 2026, 5:42:36 AM","Jul 12, 2026, 5:48:14 AM"
"Jul 12, 2026, 5:46:03 AM",581a1e34-77ec-4788-a471-1d272d1089f6,62952b98-d4ff-43ce-af95-9326bbd25d11,ผจญภัยใต้พื้นโลกกับ ดร.บ๊อบ,in-class,"Jul 12, 2026, 5:46:03 AM","Jul 12, 2026, 5:47:32 AM"
"Jul 12, 2026, 5:42:55 AM",2008ad94-4f77-40e7-b200-7318727b2f5c,47605709-6eec-4ce5-b4ef-23c9309e287d,การบ้านพุทธประวัติของเจเจ,in-class,"Jul 12, 2026, 5:42:55 AM","Jul 12, 2026, 5:47:11 AM"
"Jul 12, 2026, 5:39:49 AM",581a1e34-77ec-4788-a471-1d272d1089f6,b6d47d7f-3671-4cbf-8652-dabee441e1b3,ผจญภัยใต้พื้นโลกกับ ดร.บ๊อบ,in-class,"Jul 12, 2026, 5:39:49 AM","Jul 12, 2026, 5:45:26 AM"
"Jul 12, 2026, 5:39:34 AM",581a1e34-77ec-4788-a471-1d272d1089f6,62952b98-d4ff-43ce-af95-9326bbd25d11,ผจญภัยใต้พื้นโลกกับ ดร.บ๊อบ,in-class,"Jul 12, 2026, 5:39:34 AM","Jul 12, 2026, 5:45:24 AM"
"Jul 12, 2026, 5:42:04 AM",581a1e34-77ec-4788-a471-1d272d1089f6,9af647f8-55bf-45e4-ab78-a5e4638b63ec,ผจญภัยใต้พื้นโลกกับ ดร.บ๊อบ,in-class,"Jul 12, 2026, 5:42:04 AM","Jul 12, 2026, 5:45:02 AM"
"Jul 12, 2026, 5:39:50 AM",2008ad94-4f77-40e7-b200-7318727b2f5c,47605709-6eec-4ce5-b4ef-23c9309e287d,การบ้านพุทธประวัติของเจเจ,in-class,"Jul 12, 2026, 5:39:50 AM","Jul 12, 2026, 5:42:30 AM"
"Jul 12, 2026, 5:40:07 AM",581a1e34-77ec-4788-a471-1d272d1089f6,9af647f8-55bf-45e4-ab78-a5e4638b63ec,ผจญภัยใต้พื้นโลกกับ ดร.บ๊อบ,in-class,"Jul 12, 2026, 5:40:07 AM","Jul 12, 2026, 5:41:41 AM"
"Jul 12, 2026, 5:37:46 AM",581a1e34-77ec-4788-a471-1d272d1089f6,49cb6ef5-4623-43ba-b191-91d36988029f,ผจญภัยใต้พื้นโลกกับ ดร.บ๊อบ,in-class,"Jul 12, 2026, 5:37:46 AM","Jul 12, 2026, 5:41:19 AM"
"Jul 12, 2026, 5:38:05 AM",2008ad94-4f77-40e7-b200-7318727b2f5c,47605709-6eec-4ce5-b4ef-23c9309e287d,การบ้านพุทธประวัติของเจเจ,in-class,"Jul 12, 2026, 5:38:05 AM","Jul 12, 2026, 5:39:47 AM"
"Jul 12, 2026, 5:31:22 AM",581a1e34-77ec-4788-a471-1d272d1089f6,4e450ba2-bde1-4711-b752-b2325f7cf18c,ผจญภัยใต้พื้นโลกกับ ดร.บ๊อบ,in-class,"Jul 12, 2026, 5:31:22 AM","Jul 12, 2026, 5:38:55 AM"
"Jul 12, 2026, 5:29:37 AM",2008ad94-4f77-40e7-b200-7318727b2f5c,337b08d9-d8e4-4729-9cd7-3056c7dc77ad,การบ้านพุทธประวัติของเจเจ,in-class,"Jul 12, 2026, 5:29:37 AM","Jul 12, 2026, 5:38:35 AM"
"Jul 12, 2026, 5:37:36 AM",03a7b506-f65d-4063-b531-d8538a11e5bd,8b5d394f-7ffc-4277-8911-21729509ef36,เสียงจากคนละมิติ 2 มิติ สู่ 3 มิติ,in-class,"Jul 12, 2026, 5:37:36 AM","Jul 12, 2026, 5:37:47 AM"
"Jul 12, 2026, 5:34:49 AM",581a1e34-77ec-4788-a471-1d272d1089f6,f80203c9-77ab-43c0-b6b5-5745697be69d,ผจญภัยใต้พื้นโลกกับ ดร.บ๊อบ,in-class,"Jul 12, 2026, 5:34:49 AM","Jul 12, 2026, 5:37:46 AM"
"Jul 12, 2026, 5:33:34 AM",581a1e34-77ec-4788-a471-1d272d1089f6,33b397a9-3701-477e-ba0a-9561dbaf5506,ผจญภัยใต้พื้นโลกกับ ดร.บ๊อบ,in-class,"Jul 12, 2026, 5:33:34 AM","Jul 12, 2026, 5:37:17 AM"
"Jul 12, 2026, 5:35:45 AM",03a7b506-f65d-4063-b531-d8538a11e5bd,8b5d394f-7ffc-4277-8911-21729509ef36,เสียงจากคนละมิติ 2 มิติ สู่ 3 มิติ,in-class,"Jul 12, 2026, 5:35:45 AM","Jul 12, 2026, 5:37:15 AM"
"Jul 12, 2026, 5:29:38 AM",CONTEST_21,0cca7fbf-a51b-4244-b457-5470fab577bb,ครัวป่วนจานแปลก,out-class,"Jul 12, 2026, 5:29:38 AM","Jul 12, 2026, 5:34:39 AM"
"Jul 12, 2026, 5:32:34 AM",581a1e34-77ec-4788-a471-1d272d1089f6,f80203c9-77ab-43c0-b6b5-5745697be69d,ผจญภัยใต้พื้นโลกกับ ดร.บ๊อบ,in-class,"Jul 12, 2026, 5:32:34 AM","Jul 12, 2026, 5:34:32 AM"
"Jul 12, 2026, 5:28:45 AM",581a1e34-77ec-4788-a471-1d272d1089f6,33b397a9-3701-477e-ba0a-9561dbaf5506,ผจญภัยใต้พื้นโลกกับ ดร.บ๊อบ,in-class,"Jul 12, 2026, 5:28:45 AM","Jul 12, 2026, 5:33:06 AM"
"Jul 12, 2026, 5:30:15 AM",TERRARIUM_21,8b5d394f-7ffc-4277-8911-21729509ef36,คาปิคราฟท์,out-class,"Jul 12, 2026, 5:30:15 AM","Jul 12, 2026, 5:31:31 AM"
"Jul 12, 2026, 5:09:20 AM",581a1e34-77ec-4788-a471-1d272d1089f6,c2f405fd-6fa6-4614-94e6-bc969d163a27,ผจญภัยใต้พื้นโลกกับ ดร.บ๊อบ,in-class,"Jul 12, 2026, 5:09:20 AM","Jul 12, 2026, 5:18:05 AM"
"Jul 12, 2026, 5:13:36 AM",581a1e34-77ec-4788-a471-1d272d1089f6,ec83c47b-b0c9-4f53-a7c5-4449a4105c56,ผจญภัยใต้พื้นโลกกับ ดร.บ๊อบ,in-class,"Jul 12, 2026, 5:13:36 AM","Jul 12, 2026, 5:15:58 AM"
"Jul 12, 2026, 5:12:45 AM",SURVIVOR_34,fb0e23b3-a137-49d0-ba8b-f3a41cec45a8,คาปิ 9 ชีวิต,out-class,"Jul 12, 2026, 5:12:45 AM","Jul 12, 2026, 5:15:21 AM"
"Jul 12, 2026, 5:14:01 AM",SURVIVOR_13,ec6cf59c-a938-4850-b489-9e80ff4f65ad,คาปิ 9 ชีวิต,out-class,"Jul 12, 2026, 5:14:01 AM","Jul 12, 2026, 5:14:46 AM"
"Jul 12, 2026, 5:12:10 AM",SURVIVOR_13,ec6cf59c-a938-4850-b489-9e80ff4f65ad,คาปิ 9 ชีวิต,out-class,"Jul 12, 2026, 5:12:10 AM","Jul 12, 2026, 5:13:55 AM"
"Jul 12, 2026, 5:10:53 AM",581a1e34-77ec-4788-a471-1d272d1089f6,ec83c47b-b0c9-4f53-a7c5-4449a4105c56,ผจญภัยใต้พื้นโลกกับ ดร.บ๊อบ,in-class,"Jul 12, 2026, 5:10:53 AM","Jul 12, 2026, 5:13:12 AM"
"Jul 12, 2026, 5:09:58 AM",TERRARIUM_07,fb0e23b3-a137-49d0-ba8b-f3a41cec45a8,คาปิคราฟท์,out-class,"Jul 12, 2026, 5:09:58 AM","Jul 12, 2026, 5:12:42 AM"
"Jul 12, 2026, 5:10:11 AM",SURVIVOR_13,ec6cf59c-a938-4850-b489-9e80ff4f65ad,คาปิ 9 ชีวิต,out-class,"Jul 12, 2026, 5:10:11 AM","Jul 12, 2026, 5:12:05 AM"
"Jul 12, 2026, 5:07:06 AM",2008ad94-4f77-40e7-b200-7318727b2f5c,4ead6b61-a28c-47f8-a90f-187980a9148c,การบ้านพุทธประวัติของเจเจ,in-class,"Jul 12, 2026, 5:07:06 AM","Jul 12, 2026, 5:11:07 AM"
"Jul 12, 2026, 5:08:55 AM",SURVIVOR_09,ec83c47b-b0c9-4f53-a7c5-4449a4105c56,คาปิ 9 ชีวิต,out-class,"Jul 12, 2026, 5:08:55 AM","Jul 12, 2026, 5:10:05 AM"
"Jul 12, 2026, 5:07:37 AM",TERRARIUM_17,ec6cf59c-a938-4850-b489-9e80ff4f65ad,คาปิคราฟท์,out-class,"Jul 12, 2026, 5:07:37 AM","Jul 12, 2026, 5:09:09 AM"
"Jul 12, 2026, 5:02:32 AM",581a1e34-77ec-4788-a471-1d272d1089f6,c2f405fd-6fa6-4614-94e6-bc969d163a27,ผจญภัยใต้พื้นโลกกับ ดร.บ๊อบ,in-class,"Jul 12, 2026, 5:02:32 AM","Jul 12, 2026, 5:08:58 AM"
"Jul 12, 2026, 5:07:18 AM",TERRARIUM_02,ec83c47b-b0c9-4f53-a7c5-4449a4105c56,คาปิคราฟท์,out-class,"Jul 12, 2026, 5:07:18 AM","Jul 12, 2026, 5:08:49 AM"
"Jul 12, 2026, 5:05:03 AM",TERRARIUM_17,ec6cf59c-a938-4850-b489-9e80ff4f65ad,คาปิคราฟท์,out-class,"Jul 12, 2026, 5:05:03 AM","Jul 12, 2026, 5:07:33 AM"
"Jul 12, 2026, 5:05:02 AM",TERRARIUM_02,ec83c47b-b0c9-4f53-a7c5-4449a4105c56,คาปิคราฟท์,out-class,"Jul 12, 2026, 5:05:02 AM","Jul 12, 2026, 5:07:13 AM"
"Jul 12, 2026, 5:03:39 AM",2008ad94-4f77-40e7-b200-7318727b2f5c,4ead6b61-a28c-47f8-a90f-187980a9148c,การบ้านพุทธประวัติของเจเจ,in-class,"Jul 12, 2026, 5:03:39 AM","Jul 12, 2026, 5:05:38 AM"
"Jul 12, 2026, 5:04:01 AM",CONTEST_07,ec83c47b-b0c9-4f53-a7c5-4449a4105c56,ครัวป่วนจานแปลก,out-class,"Jul 12, 2026, 5:04:01 AM","Jul 12, 2026, 5:04:42 AM"
"Jul 12, 2026, 5:02:00 AM",CONTEST_07,ec83c47b-b0c9-4f53-a7c5-4449a4105c56,ครัวป่วนจานแปลก,out-class,"Jul 12, 2026, 5:02:00 AM","Jul 12, 2026, 5:03:58 AM"
"Jul 12, 2026, 4:59:46 AM",03a7b506-f65d-4063-b531-d8538a11e5bd,ec83c47b-b0c9-4f53-a7c5-4449a4105c56,เสียงจากคนละมิติ 2 มิติ สู่ 3 มิติ,in-class,"Jul 12, 2026, 4:59:46 AM","Jul 12, 2026, 5:01:41 AM"
"Jul 12, 2026, 4:59:00 AM",2008ad94-4f77-40e7-b200-7318727b2f5c,2d20eaa7-60fb-4bfb-8fe9-608aa5b8472d,การบ้านพุทธประวัติของเจเจ,in-class,"Jul 12, 2026, 4:59:00 AM","Jul 12, 2026, 5:01:10 AM"
"Jul 12, 2026, 4:52:56 AM",581a1e34-77ec-4788-a471-1d272d1089f6,d0cfe695-0e13-481c-bc90-f0b2f4ed5a27,ผจญภัยใต้พื้นโลกกับ ดร.บ๊อบ,in-class,"Jul 12, 2026, 4:52:56 AM","Jul 12, 2026, 5:00:49 AM"
"Jul 12, 2026, 4:58:35 AM",79d49a17-2f8e-41b7-84c3-f1ca5f26ec74,5f65d2ca-018d-4419-8fbf-e9e4c46e32e2,พูดแบบนี้ เขียนแบบไหน,in-class,"Jul 12, 2026, 4:58:35 AM","Jul 12, 2026, 4:59:31 AM"
"Jul 12, 2026, 4:54:15 AM",03a7b506-f65d-4063-b531-d8538a11e5bd,ec83c47b-b0c9-4f53-a7c5-4449a4105c56,เสียงจากคนละมิติ 2 มิติ สู่ 3 มิติ,in-class,"Jul 12, 2026, 4:54:15 AM","Jul 12, 2026, 4:59:21 AM"
"Jul 12, 2026, 4:55:57 AM",581a1e34-77ec-4788-a471-1d272d1089f6,5f65d2ca-018d-4419-8fbf-e9e4c46e32e2,ผจญภัยใต้พื้นโลกกับ ดร.บ๊อบ,in-class,"Jul 12, 2026, 4:55:57 AM","Jul 12, 2026, 4:58:14 AM"
"Jul 12, 2026, 4:58:08 AM",79d49a17-2f8e-41b7-84c3-f1ca5f26ec74,52b97ee8-03cc-46ba-ad7d-30dd352d6861,พูดแบบนี้ เขียนแบบไหน,in-class,"Jul 12, 2026, 4:58:08 AM","Jul 12, 2026, 4:58:11 AM"
"Jul 12, 2026, 4:52:46 AM",581a1e34-77ec-4788-a471-1d272d1089f6,0a84861b-145f-473b-964f-d94d664a5aff,ผจญภัยใต้พื้นโลกกับ ดร.บ๊อบ,in-class,"Jul 12, 2026, 4:52:46 AM","Jul 12, 2026, 4:57:22 AM"
"Jul 12, 2026, 4:53:50 AM",DRESSING_23,5f65d2ca-018d-4419-8fbf-e9e4c46e32e2,คาปิคราฟท์,out-class,"Jul 12, 2026, 4:53:50 AM","Jul 12, 2026, 4:55:38 AM"
"Jul 12, 2026, 4:47:32 AM",581a1e34-77ec-4788-a471-1d272d1089f6,3c9a7492-afd7-48d3-a117-d5aaf4497d31,ผจญภัยใต้พื้นโลกกับ ดร.บ๊อบ,in-class,"Jul 12, 2026, 4:47:32 AM","Jul 12, 2026, 4:54:22 AM"
"Jul 12, 2026, 4:48:22 AM",CONTEST_12,6fa13a3a-da47-4faf-9f64-d8234116bf6e,ครัวป่วนจานแปลก,out-class,"Jul 12, 2026, 4:48:22 AM","Jul 12, 2026, 4:54:10 AM"
"Jul 12, 2026, 4:53:46 AM",03a7b506-f65d-4063-b531-d8538a11e5bd,52b97ee8-03cc-46ba-ad7d-30dd352d6861,เสียงจากคนละมิติ 2 มิติ สู่ 3 มิติ,in-class,"Jul 12, 2026, 4:53:46 AM","Jul 12, 2026, 4:54:00 AM"
"Jul 12, 2026, 4:51:18 AM",581a1e34-77ec-4788-a471-1d272d1089f6,ec83c47b-b0c9-4f53-a7c5-4449a4105c56,ผจญภัยใต้พื้นโลกกับ ดร.บ๊อบ,in-class,"Jul 12, 2026, 4:51:18 AM","Jul 12, 2026, 4:53:49 AM"
"Jul 12, 2026, 4:46:49 AM",CONTEST_24,9e234dca-9d0a-4684-ae71-e8e5232db25e,ครัวป่วนจานแปลก,out-class,"Jul 12, 2026, 4:46:49 AM","Jul 12, 2026, 4:53:00 AM"
"Jul 12, 2026, 4:51:02 AM",79d49a17-2f8e-41b7-84c3-f1ca5f26ec74,5f65d2ca-018d-4419-8fbf-e9e4c46e32e2,พูดแบบนี้ เขียนแบบไหน,in-class,"Jul 12, 2026, 4:51:02 AM","Jul 12, 2026, 4:52:58 AM"
"Jul 12, 2026, 4:50:16 AM",DRESSING_15,0c135b8d-840c-4410-ad0e-1464ff0c63ba,คาปิคราฟท์,out-class,"Jul 12, 2026, 4:50:16 AM","Jul 12, 2026, 4:52:37 AM"
"Jul 12, 2026, 4:48:46 AM",581a1e34-77ec-4788-a471-1d272d1089f6,d0cfe695-0e13-481c-bc90-f0b2f4ed5a27,ผจญภัยใต้พื้นโลกกับ ดร.บ๊อบ,in-class,"Jul 12, 2026, 4:48:46 AM","Jul 12, 2026, 4:52:31 AM"
"Jul 12, 2026, 4:50:11 AM",03a7b506-f65d-4063-b531-d8538a11e5bd,52b97ee8-03cc-46ba-ad7d-30dd352d6861,เสียงจากคนละมิติ 2 มิติ สู่ 3 มิติ,in-class,"Jul 12, 2026, 4:50:11 AM","Jul 12, 2026, 4:52:26 AM"
"Jul 12, 2026, 4:46:55 AM",CONTEST_27,0c135b8d-840c-4410-ad0e-1464ff0c63ba,ครัวป่วนจานแปลก,out-class,"Jul 12, 2026, 4:46:55 AM","Jul 12, 2026, 4:50:11 AM"
"Jul 12, 2026, 4:46:32 AM",79d49a17-2f8e-41b7-84c3-f1ca5f26ec74,f5ff8799-8038-45af-a96e-e81ce78e905c,พูดแบบนี้ เขียนแบบไหน,in-class,"Jul 12, 2026, 4:46:32 AM","Jul 12, 2026, 4:49:56 AM"
"Jul 12, 2026, 4:47:21 AM",SURVIVOR_50,6fa13a3a-da47-4faf-9f64-d8234116bf6e,คาปิ 9 ชีวิต,out-class,"Jul 12, 2026, 4:47:21 AM","Jul 12, 2026, 4:48:06 AM"
"Jul 12, 2026, 4:37:18 AM",2008ad94-4f77-40e7-b200-7318727b2f5c,2d20eaa7-60fb-4bfb-8fe9-608aa5b8472d,การบ้านพุทธประวัติของเจเจ,in-class,"Jul 12, 2026, 4:37:18 AM","Jul 12, 2026, 4:47:26 AM"
"Jul 12, 2026, 4:46:01 AM",79d49a17-2f8e-41b7-84c3-f1ca5f26ec74,1d7a5a5f-22b5-44dd-b4bf-be4f0a011d76,พูดแบบนี้ เขียนแบบไหน,in-class,"Jul 12, 2026, 4:46:01 AM","Jul 12, 2026, 4:47:12 AM"
"Jul 12, 2026, 4:44:04 AM",TERRARIUM_11,6fa13a3a-da47-4faf-9f64-d8234116bf6e,คาปิคราฟท์,out-class,"Jul 12, 2026, 4:44:04 AM","Jul 12, 2026, 4:47:03 AM"
"Jul 12, 2026, 4:42:38 AM",SURVIVOR_34,0c135b8d-840c-4410-ad0e-1464ff0c63ba,คาปิ 9 ชีวิต,out-class,"Jul 12, 2026, 4:42:38 AM","Jul 12, 2026, 4:46:43 AM"
"Jul 12, 2026, 4:43:31 AM",2008ad94-4f77-40e7-b200-7318727b2f5c,52b97ee8-03cc-46ba-ad7d-30dd352d6861,การบ้านพุทธประวัติของเจเจ,in-class,"Jul 12, 2026, 4:43:31 AM","Jul 12, 2026, 4:46:29 AM"
"Jul 12, 2026, 4:43:47 AM",TERRARIUM_03,f5ff8799-8038-45af-a96e-e81ce78e905c,คาปิคราฟท์,out-class,"Jul 12, 2026, 4:43:47 AM","Jul 12, 2026, 4:46:04 AM"
"Jul 12, 2026, 4:43:14 AM",79d49a17-2f8e-41b7-84c3-f1ca5f26ec74,1d7a5a5f-22b5-44dd-b4bf-be4f0a011d76,พูดแบบนี้ เขียนแบบไหน,in-class,"Jul 12, 2026, 4:43:14 AM","Jul 12, 2026, 4:45:56 AM"
"Jul 12, 2026, 4:36:33 AM",581a1e34-77ec-4788-a471-1d272d1089f6,14bddda1-423f-43f8-acdc-ade02cb52540,ผจญภัยใต้พื้นโลกกับ ดร.บ๊อบ,in-class,"Jul 12, 2026, 4:36:33 AM","Jul 12, 2026, 4:43:56 AM"
"Jul 12, 2026, 4:38:44 AM",2008ad94-4f77-40e7-b200-7318727b2f5c,6fa13a3a-da47-4faf-9f64-d8234116bf6e,การบ้านพุทธประวัติของเจเจ,in-class,"Jul 12, 2026, 4:38:44 AM","Jul 12, 2026, 4:43:35 AM"
"Jul 12, 2026, 4:40:02 AM",SURVIVOR_40,e562c861-dbd0-468d-ac66-5e28c65954cf,คาปิ 9 ชีวิต,out-class,"Jul 12, 2026, 4:40:02 AM","Jul 12, 2026, 4:43:20 AM"
"Jul 12, 2026, 4:39:37 AM",79d49a17-2f8e-41b7-84c3-f1ca5f26ec74,1d7a5a5f-22b5-44dd-b4bf-be4f0a011d76,พูดแบบนี้ เขียนแบบไหน,in-class,"Jul 12, 2026, 4:39:37 AM","Jul 12, 2026, 4:42:41 AM"
"Jul 12, 2026, 4:40:12 AM",79d49a17-2f8e-41b7-84c3-f1ca5f26ec74,9e234dca-9d0a-4684-ae71-e8e5232db25e,พูดแบบนี้ เขียนแบบไหน,in-class,"Jul 12, 2026, 4:40:12 AM","Jul 12, 2026, 4:42:36 AM"
"Jul 12, 2026, 4:39:22 AM",TERRARIUM_22,0c135b8d-840c-4410-ad0e-1464ff0c63ba,คาปิคราฟท์,out-class,"Jul 12, 2026, 4:39:22 AM","Jul 12, 2026, 4:42:17 AM"
"Jul 12, 2026, 4:39:16 AM",TERRARIUM_21,70630cfb-90f5-49e2-a027-58e1fe3bda55,คาปิคราฟท์,out-class,"Jul 12, 2026, 4:39:16 AM","Jul 12, 2026, 4:40:56 AM"
"Jul 12, 2026, 4:34:42 AM",581a1e34-77ec-4788-a471-1d272d1089f6,a6c95e84-5bf9-4cef-8b73-10280f23d823,ผจญภัยใต้พื้นโลกกับ ดร.บ๊อบ,in-class,"Jul 12, 2026, 4:34:42 AM","Jul 12, 2026, 4:39:25 AM"
"Jul 12, 2026, 4:35:36 AM",TERRARIUM_04,1d7a5a5f-22b5-44dd-b4bf-be4f0a011d76,คาปิคราฟท์,out-class,"Jul 12, 2026, 4:35:36 AM","Jul 12, 2026, 4:38:52 AM"
"Jul 12, 2026, 4:36:29 AM",581a1e34-77ec-4788-a471-1d272d1089f6,f5ff8799-8038-45af-a96e-e81ce78e905c,ผจญภัยใต้พื้นโลกกับ ดร.บ๊อบ,in-class,"Jul 12, 2026, 4:36:29 AM","Jul 12, 2026, 4:38:24 AM"
"Jul 12, 2026, 4:33:44 AM",03a7b506-f65d-4063-b531-d8538a11e5bd,6fa13a3a-da47-4faf-9f64-d8234116bf6e,เสียงจากคนละมิติ 2 มิติ สู่ 3 มิติ,in-class,"Jul 12, 2026, 4:33:44 AM","Jul 12, 2026, 4:38:10 AM"
"Jul 12, 2026, 4:32:33 AM",79d49a17-2f8e-41b7-84c3-f1ca5f26ec74,9e234dca-9d0a-4684-ae71-e8e5232db25e,พูดแบบนี้ เขียนแบบไหน,in-class,"Jul 12, 2026, 4:32:33 AM","Jul 12, 2026, 4:37:59 AM"
"Jul 12, 2026, 4:32:48 AM",581a1e34-77ec-4788-a471-1d272d1089f6,e562c861-dbd0-468d-ac66-5e28c65954cf,ผจญภัยใต้พื้นโลกกับ ดร.บ๊อบ,in-class,"Jul 12, 2026, 4:32:48 AM","Jul 12, 2026, 4:37:47 AM"
"Jul 12, 2026, 4:32:13 AM",2008ad94-4f77-40e7-b200-7318727b2f5c,de601595-8747-48a0-bd9e-5809d3b39854,การบ้านพุทธประวัติของเจเจ,in-class,"Jul 12, 2026, 4:32:13 AM","Jul 12, 2026, 4:37:38 AM"
"Jul 12, 2026, 4:34:16 AM",79d49a17-2f8e-41b7-84c3-f1ca5f26ec74,7e949a6a-0138-4cab-9c28-70f361d6e91f,พูดแบบนี้ เขียนแบบไหน,in-class,"Jul 12, 2026, 4:34:16 AM","Jul 12, 2026, 4:36:18 AM"
"Jul 12, 2026, 4:32:46 AM",581a1e34-77ec-4788-a471-1d272d1089f6,f5ff8799-8038-45af-a96e-e81ce78e905c,ผจญภัยใต้พื้นโลกกับ ดร.บ๊อบ,in-class,"Jul 12, 2026, 4:32:46 AM","Jul 12, 2026, 4:36:02 AM"
"Jul 12, 2026, 4:31:49 AM",CONTEST_46,b848b3e5-be99-4aa6-bb15-9190d9510257,ครัวป่วนจานแปลก,out-class,"Jul 12, 2026, 4:31:49 AM","Jul 12, 2026, 4:35:01 AM"
"Jul 12, 2026, 4:32:12 AM",581a1e34-77ec-4788-a471-1d272d1089f6,14bddda1-423f-43f8-acdc-ade02cb52540,ผจญภัยใต้พื้นโลกกับ ดร.บ๊อบ,in-class,"Jul 12, 2026, 4:32:12 AM","Jul 12, 2026, 4:34:48 AM"
"Jul 12, 2026, 4:32:29 AM",DRESSING_13,881210e8-dbe2-4650-9435-9d8fd6e1b9c2,คาปิคราฟท์,out-class,"Jul 12, 2026, 4:32:29 AM","Jul 12, 2026, 4:34:40 AM"
"Jul 12, 2026, 4:31:43 AM",581a1e34-77ec-4788-a471-1d272d1089f6,6fa13a3a-da47-4faf-9f64-d8234116bf6e,ผจญภัยใต้พื้นโลกกับ ดร.บ๊อบ,in-class,"Jul 12, 2026, 4:31:43 AM","Jul 12, 2026, 4:32:58 AM"
"Jul 12, 2026, 4:26:17 AM",2008ad94-4f77-40e7-b200-7318727b2f5c,881210e8-dbe2-4650-9435-9d8fd6e1b9c2,การบ้านพุทธประวัติของเจเจ,in-class,"Jul 12, 2026, 4:26:17 AM","Jul 12, 2026, 4:32:10 AM"
"Jul 12, 2026, 4:31:44 AM",581a1e34-77ec-4788-a471-1d272d1089f6,14bddda1-423f-43f8-acdc-ade02cb52540,ผจญภัยใต้พื้นโลกกับ ดร.บ๊อบ,in-class,"Jul 12, 2026, 4:31:44 AM","Jul 12, 2026, 4:32:10 AM"
"Jul 12, 2026, 4:27:08 AM",581a1e34-77ec-4788-a471-1d272d1089f6,7e949a6a-0138-4cab-9c28-70f361d6e91f,ผจญภัยใต้พื้นโลกกับ ดร.บ๊อบ,in-class,"Jul 12, 2026, 4:27:08 AM","Jul 12, 2026, 4:31:30 AM"
"Jul 12, 2026, 4:29:17 AM",581a1e34-77ec-4788-a471-1d272d1089f6,14bddda1-423f-43f8-acdc-ade02cb52540,ผจญภัยใต้พื้นโลกกับ ดร.บ๊อบ,in-class,"Jul 12, 2026, 4:29:17 AM","Jul 12, 2026, 4:31:24 AM"
"Jul 12, 2026, 4:30:31 AM",DRESSING_05,9e234dca-9d0a-4684-ae71-e8e5232db25e,คาปิคราฟท์,out-class,"Jul 12, 2026, 4:30:31 AM","Jul 12, 2026, 4:31:18 AM"
"Jul 12, 2026, 4:29:05 AM",79d49a17-2f8e-41b7-84c3-f1ca5f26ec74,828580a8-09e9-4b36-b16d-8abdfcfde128,พูดแบบนี้ เขียนแบบไหน,in-class,"Jul 12, 2026, 4:29:05 AM","Jul 12, 2026, 4:30:59 AM"
"Jul 12, 2026, 4:29:05 AM",79d49a17-2f8e-41b7-84c3-f1ca5f26ec74,ac69e9f3-64f1-411c-8133-1b2ed943523d,พูดแบบนี้ เขียนแบบไหน,in-class,"Jul 12, 2026, 4:29:05 AM","Jul 12, 2026, 4:30:46 AM"
"Jul 12, 2026, 4:26:19 AM",2008ad94-4f77-40e7-b200-7318727b2f5c,b848b3e5-be99-4aa6-bb15-9190d9510257,การบ้านพุทธประวัติของเจเจ,in-class,"Jul 12, 2026, 4:26:19 AM","Jul 12, 2026, 4:30:42 AM"
"Jul 12, 2026, 4:27:26 AM",DRESSING_05,9e234dca-9d0a-4684-ae71-e8e5232db25e,คาปิคราฟท์,out-class,"Jul 12, 2026, 4:27:26 AM","Jul 12, 2026, 4:29:23 AM"
"Jul 12, 2026, 4:27:55 AM",79d49a17-2f8e-41b7-84c3-f1ca5f26ec74,ac69e9f3-64f1-411c-8133-1b2ed943523d,พูดแบบนี้ เขียนแบบไหน,in-class,"Jul 12, 2026, 4:27:55 AM","Jul 12, 2026, 4:28:40 AM"
"Jul 12, 2026, 4:27:55 AM",79d49a17-2f8e-41b7-84c3-f1ca5f26ec74,828580a8-09e9-4b36-b16d-8abdfcfde128,พูดแบบนี้ เขียนแบบไหน,in-class,"Jul 12, 2026, 4:27:55 AM","Jul 12, 2026, 4:28:40 AM"
"Jul 12, 2026, 4:18:11 AM",581a1e34-77ec-4788-a471-1d272d1089f6,2d20eaa7-60fb-4bfb-8fe9-608aa5b8472d,ผจญภัยใต้พื้นโลกกับ ดร.บ๊อบ,in-class,"Jul 12, 2026, 4:18:11 AM","Jul 12, 2026, 4:28:23 AM"
"Jul 12, 2026, 4:03:03 AM",SURVIVOR_46,44eeafb9-4158-4b49-9153-b958aa5fde44,คาปิ 9 ชีวิต,out-class,"Jul 12, 2026, 4:03:03 AM","Jul 12, 2026, 4:07:37 AM"
"Jul 12, 2026, 4:04:02 AM",TERRARIUM_07,87ab15a9-2055-44bf-8fd3-dedc14a89fba,คาปิคราฟท์,out-class,"Jul 12, 2026, 4:04:02 AM","Jul 12, 2026, 4:07:22 AM"
"Jul 12, 2026, 3:49:35 AM",03a7b506-f65d-4063-b531-d8538a11e5bd,32ebdffc-ee6c-4a12-976b-25cd784a02d3,เสียงจากคนละมิติ 2 มิติ สู่ 3 มิติ,in-class,"Jul 12, 2026, 3:49:35 AM","Jul 12, 2026, 3:54:58 AM"
"Jul 12, 2026, 3:52:36 AM",581a1e34-77ec-4788-a471-1d272d1089f6,8d44d0d6-12dd-4ad4-9498-0a65280d77c2,ผจญภัยใต้พื้นโลกกับ ดร.บ๊อบ,in-class,"Jul 12, 2026, 3:52:36 AM","Jul 12, 2026, 3:53:02 AM"
"Jul 12, 2026, 3:50:47 AM",581a1e34-77ec-4788-a471-1d272d1089f6,8d44d0d6-12dd-4ad4-9498-0a65280d77c2,ผจญภัยใต้พื้นโลกกับ ดร.บ๊อบ,in-class,"Jul 12, 2026, 3:50:47 AM","Jul 12, 2026, 3:51:00 AM"
"Jul 12, 2026, 3:50:02 AM",581a1e34-77ec-4788-a471-1d272d1089f6,8d44d0d6-12dd-4ad4-9498-0a65280d77c2,ผจญภัยใต้พื้นโลกกับ ดร.บ๊อบ,in-class,"Jul 12, 2026, 3:50:02 AM","Jul 12, 2026, 3:50:20 AM"
"Jul 12, 2026, 3:47:45 AM",TERRARIUM_25,2d20eaa7-60fb-4bfb-8fe9-608aa5b8472d,คาปิคราฟท์,out-class,"Jul 12, 2026, 3:47:45 AM","Jul 12, 2026, 3:50:09 AM"
"Jul 12, 2026, 3:43:03 AM",2008ad94-4f77-40e7-b200-7318727b2f5c,32ebdffc-ee6c-4a12-976b-25cd784a02d3,การบ้านพุทธประวัติของเจเจ,in-class,"Jul 12, 2026, 3:43:03 AM","Jul 12, 2026, 3:49:08 AM"
"Jul 12, 2026, 3:46:11 AM",TERRARIUM_22,ed3a19c3-ac42-4229-ba18-be9f450190dd,คาปิคราฟท์,out-class,"Jul 12, 2026, 3:46:11 AM","Jul 12, 2026, 3:46:52 AM"
"Jul 12, 2026, 3:44:20 AM",581a1e34-77ec-4788-a471-1d272d1089f6,ed3a19c3-ac42-4229-ba18-be9f450190dd,ผจญภัยใต้พื้นโลกกับ ดร.บ๊อบ,in-class,"Jul 12, 2026, 3:44:20 AM","Jul 12, 2026, 3:45:44 AM"
"Jul 12, 2026, 3:41:15 AM",CONTEST_41,815b973a-3ad2-48bb-9bc5-7ab2006b50c8,ครัวป่วนจานแปลก,out-class,"Jul 12, 2026, 3:41:15 AM","Jul 12, 2026, 3:43:50 AM"
"Jul 12, 2026, 3:38:54 AM",79d49a17-2f8e-41b7-84c3-f1ca5f26ec74,32ebdffc-ee6c-4a12-976b-25cd784a02d3,พูดแบบนี้ เขียนแบบไหน,in-class,"Jul 12, 2026, 3:38:54 AM","Jul 12, 2026, 3:42:28 AM"
"Jul 12, 2026, 3:38:47 AM",SURVIVOR_45,815b973a-3ad2-48bb-9bc5-7ab2006b50c8,คาปิ 9 ชีวิต,out-class,"Jul 12, 2026, 3:38:47 AM","Jul 12, 2026, 3:41:09 AM"
"Jul 12, 2026, 3:37:16 AM",581a1e34-77ec-4788-a471-1d272d1089f6,26e30af9-be9a-48e8-acc4-9f7a4472a83f,ผจญภัยใต้พื้นโลกกับ ดร.บ๊อบ,in-class,"Jul 12, 2026, 3:37:16 AM","Jul 12, 2026, 3:38:55 AM"
"Jul 12, 2026, 3:36:46 AM",DRESSING_25,815b973a-3ad2-48bb-9bc5-7ab2006b50c8,คาปิคราฟท์,out-class,"Jul 12, 2026, 3:36:46 AM","Jul 12, 2026, 3:38:38 AM"
"Jul 12, 2026, 3:31:25 AM",581a1e34-77ec-4788-a471-1d272d1089f6,32ebdffc-ee6c-4a12-976b-25cd784a02d3,ผจญภัยใต้พื้นโลกกับ ดร.บ๊อบ,in-class,"Jul 12, 2026, 3:31:25 AM","Jul 12, 2026, 3:37:52 AM"
"Jul 12, 2026, 3:34:26 AM",CONTEST_50,708dbc5d-70ff-4b00-95cc-b96584e0bdc0,ครัวป่วนจานแปลก,out-class,"Jul 12, 2026, 3:34:26 AM","Jul 12, 2026, 3:37:24 AM"
"Jul 12, 2026, 3:34:38 AM",581a1e34-77ec-4788-a471-1d272d1089f6,26e30af9-be9a-48e8-acc4-9f7a4472a83f,ผจญภัยใต้พื้นโลกกับ ดร.บ๊อบ,in-class,"Jul 12, 2026, 3:34:38 AM","Jul 12, 2026, 3:36:05 AM"
"Jul 12, 2026, 3:27:32 AM",CONTEST_45,25a07332-7ac3-444e-bb54-25a02241f9e9,ครัวป่วนจานแปลก,out-class,"Jul 12, 2026, 3:27:32 AM","Jul 12, 2026, 3:35:13 AM"
"Jul 12, 2026, 3:32:07 AM",2008ad94-4f77-40e7-b200-7318727b2f5c,815b973a-3ad2-48bb-9bc5-7ab2006b50c8,การบ้านพุทธประวัติของเจเจ,in-class,"Jul 12, 2026, 3:32:07 AM","Jul 12, 2026, 3:34:15 AM"
"Jul 12, 2026, 3:33:29 AM",SURVIVOR_22,708dbc5d-70ff-4b00-95cc-b96584e0bdc0,คาปิ 9 ชีวิต,out-class,"Jul 12, 2026, 3:33:29 AM","Jul 12, 2026, 3:34:08 AM"
"Jul 12, 2026, 3:31:18 AM",581a1e34-77ec-4788-a471-1d272d1089f6,26e30af9-be9a-48e8-acc4-9f7a4472a83f,ผจญภัยใต้พื้นโลกกับ ดร.บ๊อบ,in-class,"Jul 12, 2026, 3:31:18 AM","Jul 12, 2026, 3:34:00 AM"
"Jul 12, 2026, 3:28:49 AM",SURVIVOR_22,708dbc5d-70ff-4b00-95cc-b96584e0bdc0,คาปิ 9 ชีวิต,out-class,"Jul 12, 2026, 3:28:49 AM","Jul 12, 2026, 3:33:27 AM"
"Jul 12, 2026, 3:30:18 AM",SURVIVOR_24,3d63c269-ff1a-4eaa-b96e-f83d3bb2dec3,คาปิ 9 ชีวิต,out-class,"Jul 12, 2026, 3:30:18 AM","Jul 12, 2026, 3:32:06 AM"
"Jul 12, 2026, 3:27:29 AM",79d49a17-2f8e-41b7-84c3-f1ca5f26ec74,815b973a-3ad2-48bb-9bc5-7ab2006b50c8,พูดแบบนี้ เขียนแบบไหน,in-class,"Jul 12, 2026, 3:27:29 AM","Jul 12, 2026, 3:31:43 AM"
"Jul 12, 2026, 3:29:19 AM",CONTEST_23,3d63c269-ff1a-4eaa-b96e-f83d3bb2dec3,ครัวป่วนจานแปลก,out-class,"Jul 12, 2026, 3:29:19 AM","Jul 12, 2026, 3:29:50 AM"
"Jul 12, 2026, 3:27:13 AM",581a1e34-77ec-4788-a471-1d272d1089f6,26e30af9-be9a-48e8-acc4-9f7a4472a83f,ผจญภัยใต้พื้นโลกกับ ดร.บ๊อบ,in-class,"Jul 12, 2026, 3:27:13 AM","Jul 12, 2026, 3:29:30 AM"
"Jul 12, 2026, 3:26:40 AM",CONTEST_23,3d63c269-ff1a-4eaa-b96e-f83d3bb2dec3,ครัวป่วนจานแปลก,out-class,"Jul 12, 2026, 3:26:40 AM","Jul 12, 2026, 3:29:14 AM"
"Jul 12, 2026, 3:22:51 AM",03a7b506-f65d-4063-b531-d8538a11e5bd,8d44d0d6-12dd-4ad4-9498-0a65280d77c2,เสียงจากคนละมิติ 2 มิติ สู่ 3 มิติ,in-class,"Jul 12, 2026, 3:22:51 AM","Jul 12, 2026, 3:29:07 AM"
"Jul 12, 2026, 3:26:25 AM",DRESSING_06,708dbc5d-70ff-4b00-95cc-b96584e0bdc0,คาปิคราฟท์,out-class,"Jul 12, 2026, 3:26:25 AM","Jul 12, 2026, 3:27:31 AM"
"Jul 12, 2026, 3:24:37 AM",SURVIVOR_23,25a07332-7ac3-444e-bb54-25a02241f9e9,คาปิ 9 ชีวิต,out-class,"Jul 12, 2026, 3:24:37 AM","Jul 12, 2026, 3:27:20 AM"
"Jul 12, 2026, 3:24:20 AM",03a7b506-f65d-4063-b531-d8538a11e5bd,815b973a-3ad2-48bb-9bc5-7ab2006b50c8,เสียงจากคนละมิติ 2 มิติ สู่ 3 มิติ,in-class,"Jul 12, 2026, 3:24:20 AM","Jul 12, 2026, 3:27:17 AM"
"Jul 12, 2026, 3:23:53 AM",DRESSING_06,708dbc5d-70ff-4b00-95cc-b96584e0bdc0,คาปิคราฟท์,out-class,"Jul 12, 2026, 3:23:53 AM","Jul 12, 2026, 3:26:25 AM"
"Jul 12, 2026, 3:17:36 AM",2008ad94-4f77-40e7-b200-7318727b2f5c,9879afde-235e-4c6c-882d-24c6836e47f8,การบ้านพุทธประวัติของเจเจ,in-class,"Jul 12, 2026, 3:17:36 AM","Jul 12, 2026, 3:24:41 AM"
"Jul 12, 2026, 3:21:56 AM",DRESSING_23,25a07332-7ac3-444e-bb54-25a02241f9e9,คาปิคราฟท์,out-class,"Jul 12, 2026, 3:21:56 AM","Jul 12, 2026, 3:24:24 AM"
"Jul 12, 2026, 3:22:23 AM",581a1e34-77ec-4788-a471-1d272d1089f6,2d20eaa7-60fb-4bfb-8fe9-608aa5b8472d,ผจญภัยใต้พื้นโลกกับ ดร.บ๊อบ,in-class,"Jul 12, 2026, 3:22:23 AM","Jul 12, 2026, 3:24:09 AM"
"Jul 12, 2026, 3:21:53 AM",TERRARIUM_07,f5ec6cec-c294-4977-b2dd-bc516c2df718,คาปิคราฟท์,out-class,"Jul 12, 2026, 3:21:53 AM","Jul 12, 2026, 3:24:08 AM"
"Jul 12, 2026, 3:21:55 AM",581a1e34-77ec-4788-a471-1d272d1089f6,815b973a-3ad2-48bb-9bc5-7ab2006b50c8,ผจญภัยใต้พื้นโลกกับ ดร.บ๊อบ,in-class,"Jul 12, 2026, 3:21:55 AM","Jul 12, 2026, 3:24:04 AM"
"Jul 12, 2026, 3:20:35 AM",581a1e34-77ec-4788-a471-1d272d1089f6,cac16a78-a31c-4b89-a188-78260559b6db,ผจญภัยใต้พื้นโลกกับ ดร.บ๊อบ,in-class,"Jul 12, 2026, 3:20:35 AM","Jul 12, 2026, 3:23:23 AM"
"Jul 12, 2026, 3:22:23 AM",581a1e34-77ec-4788-a471-1d272d1089f6,708dbc5d-70ff-4b00-95cc-b96584e0bdc0,ผจญภัยใต้พื้นโลกกับ ดร.บ๊อบ,in-class,"Jul 12, 2026, 3:22:23 AM","Jul 12, 2026, 3:22:41 AM"
"Jul 12, 2026, 3:20:21 AM",581a1e34-77ec-4788-a471-1d272d1089f6,708dbc5d-70ff-4b00-95cc-b96584e0bdc0,ผจญภัยใต้พื้นโลกกับ ดร.บ๊อบ,in-class,"Jul 12, 2026, 3:20:21 AM","Jul 12, 2026, 3:22:05 AM"
"Jul 12, 2026, 3:14:03 AM",581a1e34-77ec-4788-a471-1d272d1089f6,2d20eaa7-60fb-4bfb-8fe9-608aa5b8472d,ผจญภัยใต้พื้นโลกกับ ดร.บ๊อบ,in-class,"Jul 12, 2026, 3:14:03 AM","Jul 12, 2026, 3:21:03 AM"
"Jul 12, 2026, 3:15:57 AM",03a7b506-f65d-4063-b531-d8538a11e5bd,25a07332-7ac3-444e-bb54-25a02241f9e9,เสียงจากคนละมิติ 2 มิติ สู่ 3 มิติ,in-class,"Jul 12, 2026, 3:15:57 AM","Jul 12, 2026, 3:20:21 AM"
"Jul 12, 2026, 3:19:03 AM",SURVIVOR_20,8d44d0d6-12dd-4ad4-9498-0a65280d77c2,คาปิ 9 ชีวิต,out-class,"Jul 12, 2026, 3:19:03 AM","Jul 12, 2026, 3:20:07 AM"
"Jul 12, 2026, 3:15:57 AM",2008ad94-4f77-40e7-b200-7318727b2f5c,815b973a-3ad2-48bb-9bc5-7ab2006b50c8,การบ้านพุทธประวัติของเจเจ,in-class,"Jul 12, 2026, 3:15:57 AM","Jul 12, 2026, 3:19:59 AM"
"Jul 12, 2026, 3:16:41 AM",79d49a17-2f8e-41b7-84c3-f1ca5f26ec74,8d44d0d6-12dd-4ad4-9498-0a65280d77c2,พูดแบบนี้ เขียนแบบไหน,in-class,"Jul 12, 2026, 3:16:41 AM","Jul 12, 2026, 3:18:27 AM"
"Jul 12, 2026, 3:14:16 AM",SURVIVOR_10,6fa13a3a-da47-4faf-9f64-d8234116bf6e,คาปิ 9 ชีวิต,out-class,"Jul 12, 2026, 3:14:16 AM","Jul 12, 2026, 3:14:37 AM"
"Jul 12, 2026, 3:06:31 AM",581a1e34-77ec-4788-a471-1d272d1089f6,448d86b2-8ebc-4707-b238-ec519fce0e9d,ผจญภัยใต้พื้นโลกกับ ดร.บ๊อบ,in-class,"Jul 12, 2026, 3:06:31 AM","Jul 12, 2026, 3:13:52 AM"
"Jul 12, 2026, 3:11:28 AM",CONTEST_49,6fa13a3a-da47-4faf-9f64-d8234116bf6e,ครัวป่วนจานแปลก,out-class,"Jul 12, 2026, 3:11:28 AM","Jul 12, 2026, 3:13:12 AM"
"Jul 12, 2026, 3:08:58 AM",SURVIVOR_41,3bc91307-815d-445f-b5b0-da78d7be2959,คาปิ 9 ชีวิต,out-class,"Jul 12, 2026, 3:08:58 AM","Jul 12, 2026, 3:12:19 AM"
"Jul 12, 2026, 3:10:00 AM",581a1e34-77ec-4788-a471-1d272d1089f6,29bb0adf-ff51-4323-b84d-175e8b36b4e6,ผจญภัยใต้พื้นโลกกับ ดร.บ๊อบ,in-class,"Jul 12, 2026, 3:10:00 AM","Jul 12, 2026, 3:12:15 AM"
"Jul 12, 2026, 3:11:09 AM",DRESSING_25,7d4424ee-26a8-4ce2-a6a0-522288ccbd68,คาปิคราฟท์,out-class,"Jul 12, 2026, 3:11:09 AM","Jul 12, 2026, 3:12:01 AM"
"Jul 12, 2026, 3:09:18 AM",DRESSING_25,7d4424ee-26a8-4ce2-a6a0-522288ccbd68,คาปิคราฟท์,out-class,"Jul 12, 2026, 3:09:18 AM","Jul 12, 2026, 3:11:06 AM"
"Jul 12, 2026, 3:08:04 AM",TERRARIUM_07,d0116cf9-0565-4381-83b8-0bc2f8f9b070,คาปิคราฟท์,out-class,"Jul 12, 2026, 3:08:04 AM","Jul 12, 2026, 3:11:05 AM"
"Jul 12, 2026, 3:07:45 AM",CONTEST_22,e52c226d-af77-47e2-9cd8-20198c88d557,ครัวป่วนจานแปลก,out-class,"Jul 12, 2026, 3:07:45 AM","Jul 12, 2026, 3:10:33 AM"
"Jul 12, 2026, 3:08:53 AM",DRESSING_05,9505df78-9791-4b87-b759-8fe90baabbfb,คาปิคราฟท์,out-class,"Jul 12, 2026, 3:08:53 AM","Jul 12, 2026, 3:09:55 AM"
"Jul 12, 2026, 3:07:03 AM",581a1e34-77ec-4788-a471-1d272d1089f6,29bb0adf-ff51-4323-b84d-175e8b36b4e6,ผจญภัยใต้พื้นโลกกับ ดร.บ๊อบ,in-class,"Jul 12, 2026, 3:07:03 AM","Jul 12, 2026, 3:09:50 AM"
"Jul 12, 2026, 3:05:52 AM",581a1e34-77ec-4788-a471-1d272d1089f6,6fa13a3a-da47-4faf-9f64-d8234116bf6e,ผจญภัยใต้พื้นโลกกับ ดร.บ๊อบ,in-class,"Jul 12, 2026, 3:05:52 AM","Jul 12, 2026, 3:09:06 AM"
"Jul 12, 2026, 3:08:32 AM",SURVIVOR_45,7d4424ee-26a8-4ce2-a6a0-522288ccbd68,คาปิ 9 ชีวิต,out-class,"Jul 12, 2026, 3:08:32 AM","Jul 12, 2026, 3:09:00 AM"
"Jul 12, 2026, 3:07:29 AM",DRESSING_20,3bc91307-815d-445f-b5b0-da78d7be2959,คาปิคราฟท์,out-class,"Jul 12, 2026, 3:07:29 AM","Jul 12, 2026, 3:08:43 AM"
"Jul 12, 2026, 2:59:53 AM",SURVIVOR_45,7d4424ee-26a8-4ce2-a6a0-522288ccbd68,คาปิ 9 ชีวิต,out-class,"Jul 12, 2026, 2:59:53 AM","Jul 12, 2026, 3:08:27 AM"
"Jul 12, 2026, 3:03:16 AM",SURVIVOR_45,5b833af8-8827-4166-97c3-3afb61e142c6,คาปิ 9 ชีวิต,out-class,"Jul 12, 2026, 3:03:16 AM","Jul 12, 2026, 3:07:44 AM"
"Jul 12, 2026, 3:05:37 AM",DRESSING_20,3bc91307-815d-445f-b5b0-da78d7be2959,คาปิคราฟท์,out-class,"Jul 12, 2026, 3:05:37 AM","Jul 12, 2026, 3:07:25 AM"
"Jul 12, 2026, 3:00:52 AM",SURVIVOR_41,e52c226d-af77-47e2-9cd8-20198c88d557,คาปิ 9 ชีวิต,out-class,"Jul 12, 2026, 3:00:52 AM","Jul 12, 2026, 3:07:25 AM"
"Jul 12, 2026, 3:00:56 AM",581a1e34-77ec-4788-a471-1d272d1089f6,9505df78-9791-4b87-b759-8fe90baabbfb,ผจญภัยใต้พื้นโลกกับ ดร.บ๊อบ,in-class,"Jul 12, 2026, 3:00:56 AM","Jul 12, 2026, 3:07:03 AM"
"Jul 12, 2026, 3:05:23 AM",581a1e34-77ec-4788-a471-1d272d1089f6,d0116cf9-0565-4381-83b8-0bc2f8f9b070,ผจญภัยใต้พื้นโลกกับ ดร.บ๊อบ,in-class,"Jul 12, 2026, 3:05:23 AM","Jul 12, 2026, 3:06:54 AM"
"Jul 12, 2026, 3:06:00 AM",79d49a17-2f8e-41b7-84c3-f1ca5f26ec74,23fe8093-88af-455d-a3be-e355f6f5a6b7,พูดแบบนี้ เขียนแบบไหน,in-class,"Jul 12, 2026, 3:06:00 AM","Jul 12, 2026, 3:06:10 AM"
"Jul 12, 2026, 3:04:06 AM",SURVIVOR_41,7984f58c-b89b-474f-881c-78bf2a698e3b,คาปิ 9 ชีวิต,out-class,"Jul 12, 2026, 3:04:06 AM","Jul 12, 2026, 3:05:59 AM"
"Jul 12, 2026, 3:04:14 AM",DRESSING_10,dddde37b-1961-48fd-8c18-838e99a40d32,คาปิคราฟท์,out-class,"Jul 12, 2026, 3:04:14 AM","Jul 12, 2026, 3:05:44 AM"
"Jul 12, 2026, 2:58:08 AM",79d49a17-2f8e-41b7-84c3-f1ca5f26ec74,23fe8093-88af-455d-a3be-e355f6f5a6b7,พูดแบบนี้ เขียนแบบไหน,in-class,"Jul 12, 2026, 2:58:08 AM","Jul 12, 2026, 3:04:48 AM"
"Jul 12, 2026, 2:59:25 AM",CONTEST_30,5b833af8-8827-4166-97c3-3afb61e142c6,ครัวป่วนจานแปลก,out-class,"Jul 12, 2026, 2:59:25 AM","Jul 12, 2026, 3:03:08 AM"
"Jul 12, 2026, 2:51:16 AM",581a1e34-77ec-4788-a471-1d272d1089f6,7984f58c-b89b-474f-881c-78bf2a698e3b,ผจญภัยใต้พื้นโลกกับ ดร.บ๊อบ,in-class,"Jul 12, 2026, 2:51:16 AM","Jul 12, 2026, 3:02:43 AM"
"Jul 12, 2026, 2:57:30 AM",CONTEST_48,6cc5df00-d09b-49ee-9ca0-f72a233e7124,ครัวป่วนจานแปลก,out-class,"Jul 12, 2026, 2:57:30 AM","Jul 12, 2026, 3:01:24 AM"
"Jul 12, 2026, 2:51:11 AM",581a1e34-77ec-4788-a471-1d272d1089f6,dddde37b-1961-48fd-8c18-838e99a40d32,ผจญภัยใต้พื้นโลกกับ ดร.บ๊อบ,in-class,"Jul 12, 2026, 2:51:11 AM","Jul 12, 2026, 3:01:18 AM"
"Jul 12, 2026, 2:57:47 AM",CONTEST_12,69c9d9a7-a3a2-4b29-9cff-aa5e182f1aec,ครัวป่วนจานแปลก,out-class,"Jul 12, 2026, 2:57:47 AM","Jul 12, 2026, 3:00:35 AM"
"Jul 12, 2026, 2:57:16 AM",DRESSING_11,e52c226d-af77-47e2-9cd8-20198c88d557,คาปิคราฟท์,out-class,"Jul 12, 2026, 2:57:16 AM","Jul 12, 2026, 3:00:13 AM"
"Jul 12, 2026, 2:58:14 AM",CONTEST_10,657090a1-75de-4779-96b2-c50dc0f30281,ครัวป่วนจานแปลก,out-class,"Jul 12, 2026, 2:58:14 AM","Jul 12, 2026, 2:59:55 AM"
"Jul 12, 2026, 2:56:47 AM",DRESSING_06,5b833af8-8827-4166-97c3-3afb61e142c6,คาปิคราฟท์,out-class,"Jul 12, 2026, 2:56:47 AM","Jul 12, 2026, 2:58:34 AM"
"Jul 12, 2026, 2:56:40 AM",79d49a17-2f8e-41b7-84c3-f1ca5f26ec74,23fe8093-88af-455d-a3be-e355f6f5a6b7,พูดแบบนี้ เขียนแบบไหน,in-class,"Jul 12, 2026, 2:56:40 AM","Jul 12, 2026, 2:57:56 AM"
"Jul 12, 2026, 2:54:20 AM",TERRARIUM_19,69c9d9a7-a3a2-4b29-9cff-aa5e182f1aec,คาปิคราฟท์,out-class,"Jul 12, 2026, 2:54:20 AM","Jul 12, 2026, 2:57:30 AM"
"Jul 12, 2026, 2:55:31 AM",TERRARIUM_04,0ee81359-5024-4514-ae9c-b54e908ed85a,คาปิคราฟท์,out-class,"Jul 12, 2026, 2:55:31 AM","Jul 12, 2026, 2:57:16 AM"
"Jul 12, 2026, 2:56:13 AM",TERRARIUM_02,6cc5df00-d09b-49ee-9ca0-f72a233e7124,คาปิคราฟท์,out-class,"Jul 12, 2026, 2:56:13 AM","Jul 12, 2026, 2:57:04 AM"
"Jul 12, 2026, 2:54:51 AM",DRESSING_03,657090a1-75de-4779-96b2-c50dc0f30281,คาปิคราฟท์,out-class,"Jul 12, 2026, 2:54:51 AM","Jul 12, 2026, 2:57:02 AM"
"Jul 12, 2026, 2:51:37 AM",CONTEST_03,fb0e23b3-a137-49d0-ba8b-f3a41cec45a8,ครัวป่วนจานแปลก,out-class,"Jul 12, 2026, 2:51:37 AM","Jul 12, 2026, 2:56:19 AM"
"Jul 12, 2026, 2:53:23 AM",TERRARIUM_02,6cc5df00-d09b-49ee-9ca0-f72a233e7124,คาปิคราฟท์,out-class,"Jul 12, 2026, 2:53:23 AM","Jul 12, 2026, 2:56:12 AM"
"Jul 12, 2026, 2:51:38 AM",TERRARIUM_02,f7d3f0ad-98f6-44f8-b871-dbfd3104f55d,คาปิคราฟท์,out-class,"Jul 12, 2026, 2:51:38 AM","Jul 12, 2026, 2:55:43 AM"
"Jul 12, 2026, 2:51:37 AM",CONTEST_19,ec6cf59c-a938-4850-b489-9e80ff4f65ad,ครัวป่วนจานแปลก,out-class,"Jul 12, 2026, 2:51:37 AM","Jul 12, 2026, 2:55:39 AM"
"Jul 12, 2026, 2:46:03 AM",581a1e34-77ec-4788-a471-1d272d1089f6,e52c226d-af77-47e2-9cd8-20198c88d557,ผจญภัยใต้พื้นโลกกับ ดร.บ๊อบ,in-class,"Jul 12, 2026, 2:46:03 AM","Jul 12, 2026, 2:55:20 AM"
"Jul 12, 2026, 2:45:45 AM",581a1e34-77ec-4788-a471-1d272d1089f6,5b833af8-8827-4166-97c3-3afb61e142c6,ผจญภัยใต้พื้นโลกกับ ดร.บ๊อบ,in-class,"Jul 12, 2026, 2:45:45 AM","Jul 12, 2026, 2:55:16 AM"
"Jul 12, 2026, 2:52:22 AM",SURVIVOR_31,0ee81359-5024-4514-ae9c-b54e908ed85a,คาปิ 9 ชีวิต,out-class,"Jul 12, 2026, 2:52:22 AM","Jul 12, 2026, 2:54:43 AM"
"Jul 12, 2026, 2:52:17 AM",TERRARIUM_02,448d86b2-8ebc-4707-b238-ec519fce0e9d,คาปิคราฟท์,out-class,"Jul 12, 2026, 2:52:17 AM","Jul 12, 2026, 2:54:36 AM"
"Jul 12, 2026, 2:53:35 AM",TERRARIUM_13,657090a1-75de-4779-96b2-c50dc0f30281,คาปิคราฟท์,out-class,"Jul 12, 2026, 2:53:35 AM","Jul 12, 2026, 2:54:16 AM"
"Jul 12, 2026, 2:53:07 AM",SURVIVOR_49,69c9d9a7-a3a2-4b29-9cff-aa5e182f1aec,คาปิ 9 ชีวิต,out-class,"Jul 12, 2026, 2:53:07 AM","Jul 12, 2026, 2:54:09 AM"
"Jul 12, 2026, 2:51:49 AM",SURVIVOR_48,6cc5df00-d09b-49ee-9ca0-f72a233e7124,คาปิ 9 ชีวิต,out-class,"Jul 12, 2026, 2:51:49 AM","Jul 12, 2026, 2:52:59 AM"
"Jul 12, 2026, 2:52:28 AM",SURVIVOR_49,69c9d9a7-a3a2-4b29-9cff-aa5e182f1aec,คาปิ 9 ชีวิต,out-class,"Jul 12, 2026, 2:52:28 AM","Jul 12, 2026, 2:52:57 AM"
"Jul 12, 2026, 2:50:05 AM",SURVIVOR_15,7fc23a01-c279-4f0c-bac0-3752344b96cc,คาปิ 9 ชีวิต,out-class,"Jul 12, 2026, 2:50:05 AM","Jul 12, 2026, 2:52:29 AM"
"Jul 12, 2026, 2:46:37 AM",SURVIVOR_49,69c9d9a7-a3a2-4b29-9cff-aa5e182f1aec,คาปิ 9 ชีวิต,out-class,"Jul 12, 2026, 2:46:37 AM","Jul 12, 2026, 2:52:21 AM"
"Jul 12, 2026, 2:45:36 AM",79d49a17-2f8e-41b7-84c3-f1ca5f26ec74,720b9a03-ac21-44a7-8912-1bdeeb5e98e1,พูดแบบนี้ เขียนแบบไหน,in-class,"Jul 12, 2026, 2:45:36 AM","Jul 12, 2026, 2:52:20 AM"
"Jul 12, 2026, 2:46:31 AM",SURVIVOR_48,6cc5df00-d09b-49ee-9ca0-f72a233e7124,คาปิ 9 ชีวิต,out-class,"Jul 12, 2026, 2:46:31 AM","Jul 12, 2026, 2:51:46 AM"
"Jul 12, 2026, 2:49:46 AM",SURVIVOR_25,e405c768-4cbd-4112-8cd9-8ea3ff30fe4e,คาปิ 9 ชีวิต,out-class,"Jul 12, 2026, 2:49:46 AM","Jul 12, 2026, 2:51:21 AM"
"Jul 12, 2026, 2:42:22 AM",79d49a17-2f8e-41b7-84c3-f1ca5f26ec74,5be0518c-d885-43eb-8378-ebfb81d3bf53,พูดแบบนี้ เขียนแบบไหน,in-class,"Jul 12, 2026, 2:42:22 AM","Jul 12, 2026, 2:50:47 AM"
"Jul 12, 2026, 2:47:11 AM",2008ad94-4f77-40e7-b200-7318727b2f5c,e405c768-4cbd-4112-8cd9-8ea3ff30fe4e,การบ้านพุทธประวัติของเจเจ,in-class,"Jul 12, 2026, 2:47:11 AM","Jul 12, 2026, 2:49:00 AM"
"Jul 12, 2026, 2:43:29 AM",79d49a17-2f8e-41b7-84c3-f1ca5f26ec74,651e05c1-e5fe-4f78-9504-292933a453f5,พูดแบบนี้ เขียนแบบไหน,in-class,"Jul 12, 2026, 2:43:29 AM","Jul 12, 2026, 2:46:28 AM"
"Jul 12, 2026, 2:43:56 AM",581a1e34-77ec-4788-a471-1d272d1089f6,05a5fb25-46ef-4d3f-98d3-c16e6486d679,ผจญภัยใต้พื้นโลกกับ ดร.บ๊อบ,in-class,"Jul 12, 2026, 2:43:56 AM","Jul 12, 2026, 2:45:14 AM"
"Jul 12, 2026, 2:41:52 AM",TERRARIUM_15,ec6cf59c-a938-4850-b489-9e80ff4f65ad,คาปิคราฟท์,out-class,"Jul 12, 2026, 2:41:52 AM","Jul 12, 2026, 2:44:57 AM"
"Jul 12, 2026, 2:41:05 AM",581a1e34-77ec-4788-a471-1d272d1089f6,05a5fb25-46ef-4d3f-98d3-c16e6486d679,ผจญภัยใต้พื้นโลกกับ ดร.บ๊อบ,in-class,"Jul 12, 2026, 2:41:05 AM","Jul 12, 2026, 2:43:50 AM"
"Jul 12, 2026, 2:39:41 AM",581a1e34-77ec-4788-a471-1d272d1089f6,bf5e728c-2c6d-45d2-b433-c297d9287ebc,ผจญภัยใต้พื้นโลกกับ ดร.บ๊อบ,in-class,"Jul 12, 2026, 2:39:41 AM","Jul 12, 2026, 2:39:56 AM"
"Jul 12, 2026, 2:38:02 AM",581a1e34-77ec-4788-a471-1d272d1089f6,bf5e728c-2c6d-45d2-b433-c297d9287ebc,ผจญภัยใต้พื้นโลกกับ ดร.บ๊อบ,in-class,"Jul 12, 2026, 2:38:02 AM","Jul 12, 2026, 2:38:15 AM"
"Jul 12, 2026, 2:29:09 AM",581a1e34-77ec-4788-a471-1d272d1089f6,da3bbbae-5f44-4412-a4f0-311bd6f8ea1d,ผจญภัยใต้พื้นโลกกับ ดร.บ๊อบ,in-class,"Jul 12, 2026, 2:29:09 AM","Jul 12, 2026, 2:37:08 AM"
"Jul 12, 2026, 2:35:08 AM",581a1e34-77ec-4788-a471-1d272d1089f6,bf5e728c-2c6d-45d2-b433-c297d9287ebc,ผจญภัยใต้พื้นโลกกับ ดร.บ๊อบ,in-class,"Jul 12, 2026, 2:35:08 AM","Jul 12, 2026, 2:36:41 AM"
"Jul 12, 2026, 2:33:35 AM",581a1e34-77ec-4788-a471-1d272d1089f6,bf5e728c-2c6d-45d2-b433-c297d9287ebc,ผจญภัยใต้พื้นโลกกับ ดร.บ๊อบ,in-class,"Jul 12, 2026, 2:33:35 AM","Jul 12, 2026, 2:34:57 AM"
"Jul 12, 2026, 2:32:00 AM",581a1e34-77ec-4788-a471-1d272d1089f6,bf5e728c-2c6d-45d2-b433-c297d9287ebc,ผจญภัยใต้พื้นโลกกับ ดร.บ๊อบ,in-class,"Jul 12, 2026, 2:32:00 AM","Jul 12, 2026, 2:32:47 AM"
"Jul 12, 2026, 2:31:07 AM",581a1e34-77ec-4788-a471-1d272d1089f6,bf5e728c-2c6d-45d2-b433-c297d9287ebc,ผจญภัยใต้พื้นโลกกับ ดร.บ๊อบ,in-class,"Jul 12, 2026, 2:31:07 AM","Jul 12, 2026, 2:31:33 AM"
"Jul 12, 2026, 2:27:42 AM",581a1e34-77ec-4788-a471-1d272d1089f6,bf5e728c-2c6d-45d2-b433-c297d9287ebc,ผจญภัยใต้พื้นโลกกับ ดร.บ๊อบ,in-class,"Jul 12, 2026, 2:27:42 AM","Jul 12, 2026, 2:30:56 AM"
"Jul 12, 2026, 2:08:07 AM",CONTEST_32,1092f5c3-61c2-45a8-ad06-b0d8e89d0127,ครัวป่วนจานแปลก,out-class,"Jul 12, 2026, 2:08:07 AM","Jul 12, 2026, 2:12:13 AM"
"Jul 12, 2026, 2:06:03 AM",TERRARIUM_24,7bb29d23-3d2c-4c5e-97ed-e025ac9d72d7,คาปิคราฟท์,out-class,"Jul 12, 2026, 2:06:03 AM","Jul 12, 2026, 2:08:33 AM"
"Jul 12, 2026, 2:04:35 AM",SURVIVOR_48,1092f5c3-61c2-45a8-ad06-b0d8e89d0127,คาปิ 9 ชีวิต,out-class,"Jul 12, 2026, 2:04:35 AM","Jul 12, 2026, 2:07:57 AM"
"Jul 12, 2026, 2:02:14 AM",TERRARIUM_24,1092f5c3-61c2-45a8-ad06-b0d8e89d0127,คาปิคราฟท์,out-class,"Jul 12, 2026, 2:02:14 AM","Jul 12, 2026, 2:04:27 AM"
"Jul 12, 2026, 1:52:11 AM",581a1e34-77ec-4788-a471-1d272d1089f6,7e25852b-e27d-4a72-b634-6882177ea33c,ผจญภัยใต้พื้นโลกกับ ดร.บ๊อบ,in-class,"Jul 12, 2026, 1:52:11 AM","Jul 12, 2026, 1:52:30 AM"
"Jul 12, 2026, 1:46:59 AM",SURVIVOR_21,f87598ad-c0b2-4a11-884c-d379181f1fdf,คาปิ 9 ชีวิต,out-class,"Jul 12, 2026, 1:46:59 AM","Jul 12, 2026, 1:49:01 AM"
"Jul 12, 2026, 9:49:59 AM",581a1e34-77ec-4788-a471-1d272d1089f6,81eb3a93-d7e4-4c79-b9ef-66e39997f720,ผจญภัยใต้พื้นโลกกับ ดร.บ๊อบ,in-class,"Jul 12, 2026, 9:49:59 AM",null
"Jul 12, 2026, 6:33:38 AM",03a7b506-f65d-4063-b531-d8538a11e5bd,4b60e564-2dc3-4500-99bc-e9c7a637cdf7,เสียงจากคนละมิติ 2 มิติ สู่ 3 มิติ,in-class,"Jul 12, 2026, 6:33:38 AM",null
"Jul 12, 2026, 6:07:50 AM",CONTEST_38,d6d6f913-1a3a-4be5-b512-b718e381aabf,ครัวป่วนจานแปลก,out-class,"Jul 12, 2026, 6:07:50 AM",null
"Jul 12, 2026, 5:55:24 AM",CONTEST_29,b6d47d7f-3671-4cbf-8652-dabee441e1b3,ครัวป่วนจานแปลก,out-class,"Jul 12, 2026, 5:55:24 AM",null
"Jul 12, 2026, 6:01:14 AM",CONTEST_41,62952b98-d4ff-43ce-af95-9326bbd25d11,ครัวป่วนจานแปลก,out-class,"Jul 12, 2026, 6:01:14 AM",null
"Jul 12, 2026, 4:53:25 AM",CONTEST_27,0c135b8d-840c-4410-ad0e-1464ff0c63ba,ครัวป่วนจานแปลก,out-class,"Jul 12, 2026, 4:53:25 AM",null
"Jul 12, 2026, 7:18:42 AM",CONTEST_23,9c3180d8-4dd8-4f3b-b7d1-b54a1dcd52e9,ครัวป่วนจานแปลก,out-class,"Jul 12, 2026, 7:18:42 AM",null
"Jul 12, 2026, 6:56:21 AM",CONTEST_42,2a9ec26e-70c6-4f26-9f27-fde6721eaff3,ครัวป่วนจานแปลก,out-class,"Jul 12, 2026, 6:56:21 AM",null
"Jul 12, 2026, 9:25:26 AM",CONTEST_42,2a9ec26e-70c6-4f26-9f27-fde6721eaff3,ครัวป่วนจานแปลก,out-class,"Jul 12, 2026, 9:25:26 AM",null
"Jul 12, 2026, 6:46:51 AM",CONTEST_23,7c11f9b9-bf4c-43e1-9c2b-35e5ad563d1e,ครัวป่วนจานแปลก,out-class,"Jul 12, 2026, 6:46:51 AM",null
"Jul 12, 2026, 6:46:24 AM",CONTEST_23,7c11f9b9-bf4c-43e1-9c2b-35e5ad563d1e,ครัวป่วนจานแปลก,out-class,"Jul 12, 2026, 6:46:24 AM",null
"Jul 12, 2026, 10:29:05 AM",CONTEST_19,6dad7818-8fcc-41b3-a93b-2b9d83710856,ครัวป่วนจานแปลก,out-class,"Jul 12, 2026, 10:29:05 AM",null
"Jul 12, 2026, 3:37:47 AM",CONTEST_43,8d44d0d6-12dd-4ad4-9498-0a65280d77c2,ครัวป่วนจานแปลก,out-class,"Jul 12, 2026, 3:37:47 AM",null
"Jul 12, 2026, 2:56:07 AM",CONTEST_19,ec6cf59c-a938-4850-b489-9e80ff4f65ad,ครัวป่วนจานแปลก,out-class,"Jul 12, 2026, 2:56:07 AM",null
"Jul 12, 2026, 5:53:44 AM",CONTEST_45,62952b98-d4ff-43ce-af95-9326bbd25d11,ครัวป่วนจานแปลก,out-class,"Jul 12, 2026, 5:53:44 AM",null
"Jul 12, 2026, 5:53:40 AM",CONTEST_45,62952b98-d4ff-43ce-af95-9326bbd25d11,ครัวป่วนจานแปลก,out-class,"Jul 12, 2026, 5:53:40 AM",null
"Jul 13, 2026, 2:00:53 AM",CONTEST_16,25a07332-7ac3-444e-bb54-25a02241f9e9,ครัวป่วนจานแปลก,out-class,"Jul 13, 2026, 2:00:53 AM",null
"Jul 13, 2026, 2:09:09 AM",CONTEST_16,25a07332-7ac3-444e-bb54-25a02241f9e9,ครัวป่วนจานแปลก,out-class,"Jul 13, 2026, 2:09:09 AM",null
"Jul 12, 2026, 2:45:17 AM",CONTEST_07,ec6cf59c-a938-4850-b489-9e80ff4f65ad,ครัวป่วนจานแปลก,out-class,"Jul 12, 2026, 2:45:17 AM",null
"Jul 12, 2026, 7:35:38 AM",CONTEST_04,56eebcf5-214b-4273-b8e8-6966c9dc0d2b,ครัวป่วนจานแปลก,out-class,"Jul 12, 2026, 7:35:38 AM",null
"Jul 12, 2026, 3:13:51 AM",CONTEST_04,3bc91307-815d-445f-b5b0-da78d7be2959,ครัวป่วนจานแปลก,out-class,"Jul 12, 2026, 3:13:51 AM",null
"Jul 12, 2026, 11:14:33 AM",CONTEST_46,b848b3e5-be99-4aa6-bb15-9190d9510257,ครัวป่วนจานแปลก,out-class,"Jul 12, 2026, 11:14:33 AM",null
"Jul 12, 2026, 2:46:16 AM",CONTEST_02,ec6cf59c-a938-4850-b489-9e80ff4f65ad,ครัวป่วนจานแปลก,out-class,"Jul 12, 2026, 2:46:16 AM",null
"Jul 12, 2026, 7:36:45 AM",CONTEST_01,c202cb75-bc20-4d10-8aae-e8f3f0bd9475,ครัวป่วนจานแปลก,out-class,"Jul 12, 2026, 7:36:45 AM",null
"Jul 12, 2026, 1:14:11 PM",79d49a17-2f8e-41b7-84c3-f1ca5f26ec74,7fc23a01-c279-4f0c-bac0-3752344b96cc,พูดแบบนี้ เขียนแบบไหน,in-class,"Jul 12, 2026, 1:14:11 PM",null
"Jul 12, 2026, 4:54:27 AM",79d49a17-2f8e-41b7-84c3-f1ca5f26ec74,52b97ee8-03cc-46ba-ad7d-30dd352d6861,พูดแบบนี้ เขียนแบบไหน,in-class,"Jul 12, 2026, 4:54:27 AM",null
"Jul 12, 2026, 3:37:26 AM",CONTEST_50,708dbc5d-70ff-4b00-95cc-b96584e0bdc0,ครัวป่วนจานแปลก,out-class,"Jul 12, 2026, 3:37:26 AM",null
"Jul 12, 2026, 8:22:14 AM",79d49a17-2f8e-41b7-84c3-f1ca5f26ec74,ae9f17a8-7fe5-4bba-ad45-84d91ae0d020,พูดแบบนี้ เขียนแบบไหน,in-class,"Jul 12, 2026, 8:22:14 AM",null
"Jul 12, 2026, 2:02:19 AM",79d49a17-2f8e-41b7-84c3-f1ca5f26ec74,7bb29d23-3d2c-4c5e-97ed-e025ac9d72d7,พูดแบบนี้ เขียนแบบไหน,in-class,"Jul 12, 2026, 2:02:19 AM",null
"Jul 12, 2026, 4:50:04 AM",79d49a17-2f8e-41b7-84c3-f1ca5f26ec74,2d20eaa7-60fb-4bfb-8fe9-608aa5b8472d,พูดแบบนี้ เขียนแบบไหน,in-class,"Jul 12, 2026, 4:50:04 AM",null
"Jul 12, 2026, 4:38:35 AM",79d49a17-2f8e-41b7-84c3-f1ca5f26ec74,de601595-8747-48a0-bd9e-5809d3b39854,พูดแบบนี้ เขียนแบบไหน,in-class,"Jul 12, 2026, 4:38:35 AM",null
"Jul 12, 2026, 3:12:48 AM",DRESSING_05,9505df78-9791-4b87-b759-8fe90baabbfb,คาปิคราฟท์,out-class,"Jul 12, 2026, 3:12:48 AM",null
"Jul 12, 2026, 9:15:25 AM",79d49a17-2f8e-41b7-84c3-f1ca5f26ec74,ab1ec541-afd4-4fa8-bcd1-d72e673eefcc,พูดแบบนี้ เขียนแบบไหน,in-class,"Jul 12, 2026, 9:15:25 AM",null
"Jul 12, 2026, 3:37:42 AM",79d49a17-2f8e-41b7-84c3-f1ca5f26ec74,25a07332-7ac3-444e-bb54-25a02241f9e9,พูดแบบนี้ เขียนแบบไหน,in-class,"Jul 12, 2026, 3:37:42 AM",null
"Jul 12, 2026, 2:31:09 AM",DRESSING_05,67f438a9-4bbe-4a49-80ba-e18648f10b39,คาปิคราฟท์,out-class,"Jul 12, 2026, 2:31:09 AM",null
"Jul 12, 2026, 4:35:44 AM",79d49a17-2f8e-41b7-84c3-f1ca5f26ec74,2d20eaa7-60fb-4bfb-8fe9-608aa5b8472d,พูดแบบนี้ เขียนแบบไหน,in-class,"Jul 12, 2026, 4:35:44 AM",null
"Jul 12, 2026, 4:36:30 AM",79d49a17-2f8e-41b7-84c3-f1ca5f26ec74,25a07332-7ac3-444e-bb54-25a02241f9e9,พูดแบบนี้ เขียนแบบไหน,in-class,"Jul 12, 2026, 4:36:30 AM",null
"Jul 12, 2026, 2:05:01 AM",79d49a17-2f8e-41b7-84c3-f1ca5f26ec74,7bb29d23-3d2c-4c5e-97ed-e025ac9d72d7,พูดแบบนี้ เขียนแบบไหน,in-class,"Jul 12, 2026, 2:05:01 AM",null
"Jul 12, 2026, 3:18:31 AM",79d49a17-2f8e-41b7-84c3-f1ca5f26ec74,8d44d0d6-12dd-4ad4-9498-0a65280d77c2,พูดแบบนี้ เขียนแบบไหน,in-class,"Jul 12, 2026, 3:18:31 AM",null
"Jul 12, 2026, 5:11:14 AM",DRESSING_06,708dbc5d-70ff-4b00-95cc-b96584e0bdc0,คาปิคราฟท์,out-class,"Jul 12, 2026, 5:11:14 AM",null
"Jul 12, 2026, 4:48:27 AM",79d49a17-2f8e-41b7-84c3-f1ca5f26ec74,52b97ee8-03cc-46ba-ad7d-30dd352d6861,พูดแบบนี้ เขียนแบบไหน,in-class,"Jul 12, 2026, 4:48:27 AM",null
"Jul 12, 2026, 4:00:07 PM",79d49a17-2f8e-41b7-84c3-f1ca5f26ec74,25a07332-7ac3-444e-bb54-25a02241f9e9,พูดแบบนี้ เขียนแบบไหน,in-class,"Jul 12, 2026, 4:00:07 PM",null
"Jul 12, 2026, 3:32:00 AM",79d49a17-2f8e-41b7-84c3-f1ca5f26ec74,815b973a-3ad2-48bb-9bc5-7ab2006b50c8,พูดแบบนี้ เขียนแบบไหน,in-class,"Jul 12, 2026, 3:32:00 AM",null
"Jul 12, 2026, 6:52:44 AM",DRESSING_13,881210e8-dbe2-4650-9435-9d8fd6e1b9c2,คาปิคราฟท์,out-class,"Jul 12, 2026, 6:52:44 AM",null
"Jul 12, 2026, 4:50:26 AM",79d49a17-2f8e-41b7-84c3-f1ca5f26ec74,f5ff8799-8038-45af-a96e-e81ce78e905c,พูดแบบนี้ เขียนแบบไหน,in-class,"Jul 12, 2026, 4:50:26 AM",null
"Jul 12, 2026, 11:03:34 AM",DRESSING_13,1cd3198d-a6ff-4f46-9242-ad6e2df4d72a,คาปิคราฟท์,out-class,"Jul 12, 2026, 11:03:34 AM",null
"Jul 12, 2026, 8:19:47 AM",DRESSING_13,a3d17f5c-0b41-4466-9729-81cbe031b55e,คาปิคราฟท์,out-class,"Jul 12, 2026, 8:19:47 AM",null
"Jul 12, 2026, 6:34:39 AM",79d49a17-2f8e-41b7-84c3-f1ca5f26ec74,657090a1-75de-4779-96b2-c50dc0f30281,พูดแบบนี้ เขียนแบบไหน,in-class,"Jul 12, 2026, 6:34:39 AM",null
"Jul 12, 2026, 4:39:10 AM",DRESSING_13,1cd3198d-a6ff-4f46-9242-ad6e2df4d72a,คาปิคราฟท์,out-class,"Jul 12, 2026, 4:39:10 AM",null
"Jul 12, 2026, 3:23:56 AM",581a1e34-77ec-4788-a471-1d272d1089f6,cac16a78-a31c-4b89-a188-78260559b6db,ผจญภัยใต้พื้นโลกกับ ดร.บ๊อบ,in-class,"Jul 12, 2026, 3:23:56 AM",null
"Jul 12, 2026, 2:38:36 AM",581a1e34-77ec-4788-a471-1d272d1089f6,bf5e728c-2c6d-45d2-b433-c297d9287ebc,ผจญภัยใต้พื้นโลกกับ ดร.บ๊อบ,in-class,"Jul 12, 2026, 2:38:36 AM",null
"Jul 12, 2026, 10:24:02 AM",581a1e34-77ec-4788-a471-1d272d1089f6,6dad7818-8fcc-41b3-a93b-2b9d83710856,ผจญภัยใต้พื้นโลกกับ ดร.บ๊อบ,in-class,"Jul 12, 2026, 10:24:02 AM",null
"Jul 12, 2026, 4:53:24 AM",DRESSING_15,0c135b8d-840c-4410-ad0e-1464ff0c63ba,คาปิคราฟท์,out-class,"Jul 12, 2026, 4:53:24 AM",null
"Jul 12, 2026, 3:12:59 AM",DRESSING_20,3bc91307-815d-445f-b5b0-da78d7be2959,คาปิคราฟท์,out-class,"Jul 12, 2026, 3:12:59 AM",null
"Jul 12, 2026, 7:33:57 AM",581a1e34-77ec-4788-a471-1d272d1089f6,ce29f718-dd53-48e4-a738-39a937ba35db,ผจญภัยใต้พื้นโลกกับ ดร.บ๊อบ,in-class,"Jul 12, 2026, 7:33:57 AM",null
"Jul 12, 2026, 6:46:59 AM",581a1e34-77ec-4788-a471-1d272d1089f6,7c11f9b9-bf4c-43e1-9c2b-35e5ad563d1e,ผจญภัยใต้พื้นโลกกับ ดร.บ๊อบ,in-class,"Jul 12, 2026, 6:46:59 AM",null
"Jul 12, 2026, 4:31:46 AM",581a1e34-77ec-4788-a471-1d272d1089f6,828580a8-09e9-4b36-b16d-8abdfcfde128,ผจญภัยใต้พื้นโลกกับ ดร.บ๊อบ,in-class,"Jul 12, 2026, 4:31:46 AM",null
"Jul 12, 2026, 3:38:13 AM",581a1e34-77ec-4788-a471-1d272d1089f6,7b30cb7a-7acd-4c1f-956c-a05b75435f72,ผจญภัยใต้พื้นโลกกับ ดร.บ๊อบ,in-class,"Jul 12, 2026, 3:38:13 AM",null
"Jul 12, 2026, 3:23:03 AM",581a1e34-77ec-4788-a471-1d272d1089f6,6fa13a3a-da47-4faf-9f64-d8234116bf6e,ผจญภัยใต้พื้นโลกกับ ดร.บ๊อบ,in-class,"Jul 12, 2026, 3:23:03 AM",null
"Jul 12, 2026, 4:38:17 AM",581a1e34-77ec-4788-a471-1d272d1089f6,de601595-8747-48a0-bd9e-5809d3b39854,ผจญภัยใต้พื้นโลกกับ ดร.บ๊อบ,in-class,"Jul 12, 2026, 4:38:17 AM",null
"Jul 12, 2026, 7:14:12 AM",581a1e34-77ec-4788-a471-1d272d1089f6,8643b59c-e774-4c49-997e-807ca071c8ef,ผจญภัยใต้พื้นโลกกับ ดร.บ๊อบ,in-class,"Jul 12, 2026, 7:14:12 AM",null
"Jul 12, 2026, 3:41:08 AM",DRESSING_22,8d44d0d6-12dd-4ad4-9498-0a65280d77c2,คาปิคราฟท์,out-class,"Jul 12, 2026, 3:41:08 AM",null
"Jul 12, 2026, 8:26:53 AM",DRESSING_22,ab1ec541-afd4-4fa8-bcd1-d72e673eefcc,คาปิคราฟท์,out-class,"Jul 12, 2026, 8:26:53 AM",null
"Jul 12, 2026, 4:04:00 AM",581a1e34-77ec-4788-a471-1d272d1089f6,2f3b4c46-e822-43df-84c0-fd1301d41832,ผจญภัยใต้พื้นโลกกับ ดร.บ๊อบ,in-class,"Jul 12, 2026, 4:04:00 AM",null
"Jul 12, 2026, 5:58:28 AM",581a1e34-77ec-4788-a471-1d272d1089f6,ad793c4d-8eb8-421a-a57f-edaf98957548,ผจญภัยใต้พื้นโลกกับ ดร.บ๊อบ,in-class,"Jul 12, 2026, 5:58:28 AM",null
"Jul 12, 2026, 3:07:13 AM",581a1e34-77ec-4788-a471-1d272d1089f6,d0116cf9-0565-4381-83b8-0bc2f8f9b070,ผจญภัยใต้พื้นโลกกับ ดร.บ๊อบ,in-class,"Jul 12, 2026, 3:07:13 AM",null
"Jul 12, 2026, 5:15:25 AM",TERRARIUM_08,fb0e23b3-a137-49d0-ba8b-f3a41cec45a8,คาปิคราฟท์,out-class,"Jul 12, 2026, 5:15:25 AM",null
"Jul 12, 2026, 4:56:55 AM",581a1e34-77ec-4788-a471-1d272d1089f6,6fa13a3a-da47-4faf-9f64-d8234116bf6e,ผจญภัยใต้พื้นโลกกับ ดร.บ๊อบ,in-class,"Jul 12, 2026, 4:56:55 AM",null
"Jul 12, 2026, 4:46:57 AM",581a1e34-77ec-4788-a471-1d272d1089f6,52b97ee8-03cc-46ba-ad7d-30dd352d6861,ผจญภัยใต้พื้นโลกกับ ดร.บ๊อบ,in-class,"Jul 12, 2026, 4:46:57 AM",null
"Jul 12, 2026, 5:15:14 AM",581a1e34-77ec-4788-a471-1d272d1089f6,ec6cf59c-a938-4850-b489-9e80ff4f65ad,ผจญภัยใต้พื้นโลกกับ ดร.บ๊อบ,in-class,"Jul 12, 2026, 5:15:14 AM",null
"Jul 12, 2026, 6:54:03 AM",581a1e34-77ec-4788-a471-1d272d1089f6,d0116cf9-0565-4381-83b8-0bc2f8f9b070,ผจญภัยใต้พื้นโลกกับ ดร.บ๊อบ,in-class,"Jul 12, 2026, 6:54:03 AM",null
"Jul 12, 2026, 3:04:45 AM",581a1e34-77ec-4788-a471-1d272d1089f6,3bc91307-815d-445f-b5b0-da78d7be2959,ผจญภัยใต้พื้นโลกกับ ดร.บ๊อบ,in-class,"Jul 12, 2026, 3:04:45 AM",null
"Jul 12, 2026, 3:31:04 PM",DRESSING_22,5c7a539d-d920-4c34-9e5b-b06151df09b4,คาปิคราฟท์,out-class,"Jul 12, 2026, 3:31:04 PM",null
"Jul 12, 2026, 3:21:41 AM",581a1e34-77ec-4788-a471-1d272d1089f6,a00b71bd-524e-410d-8b9b-41f9ae2640fd,ผจญภัยใต้พื้นโลกกับ ดร.บ๊อบ,in-class,"Jul 12, 2026, 3:21:41 AM",null
"Jul 12, 2026, 4:55:49 AM",DRESSING_23,5f65d2ca-018d-4419-8fbf-e9e4c46e32e2,คาปิคราฟท์,out-class,"Jul 12, 2026, 4:55:49 AM",null
"Jul 12, 2026, 12:09:29 PM",581a1e34-77ec-4788-a471-1d272d1089f6,eba8151c-89ca-4448-9072-d60b0269454a,ผจญภัยใต้พื้นโลกกับ ดร.บ๊อบ,in-class,"Jul 12, 2026, 12:09:29 PM",null
"Jul 12, 2026, 2:59:13 AM",581a1e34-77ec-4788-a471-1d272d1089f6,7d4424ee-26a8-4ce2-a6a0-522288ccbd68,ผจญภัยใต้พื้นโลกกับ ดร.บ๊อบ,in-class,"Jul 12, 2026, 2:59:13 AM",null
"Jul 12, 2026, 4:39:55 AM",DRESSING_23,f5ff8799-8038-45af-a96e-e81ce78e905c,คาปิคราฟท์,out-class,"Jul 12, 2026, 4:39:55 AM",null
"Jul 12, 2026, 7:34:19 AM",581a1e34-77ec-4788-a471-1d272d1089f6,56eebcf5-214b-4273-b8e8-6966c9dc0d2b,ผจญภัยใต้พื้นโลกกับ ดร.บ๊อบ,in-class,"Jul 12, 2026, 7:34:19 AM",null
"Jul 12, 2026, 6:48:26 AM",DRESSING_25,a55911e6-6741-4333-bec2-05f29acac278,คาปิคราฟท์,out-class,"Jul 12, 2026, 6:48:26 AM",null
"Jul 12, 2026, 4:41:06 AM",SURVIVOR_02,70630cfb-90f5-49e2-a027-58e1fe3bda55,คาปิ 9 ชีวิต,out-class,"Jul 12, 2026, 4:41:06 AM",null
"Jul 12, 2026, 4:35:07 AM",581a1e34-77ec-4788-a471-1d272d1089f6,2d20eaa7-60fb-4bfb-8fe9-608aa5b8472d,ผจญภัยใต้พื้นโลกกับ ดร.บ๊อบ,in-class,"Jul 12, 2026, 4:35:07 AM",null
"Jul 12, 2026, 5:27:56 AM",581a1e34-77ec-4788-a471-1d272d1089f6,8b5d394f-7ffc-4277-8911-21729509ef36,ผจญภัยใต้พื้นโลกกับ ดร.บ๊อบ,in-class,"Jul 12, 2026, 5:27:56 AM",null
"Jul 12, 2026, 8:22:13 AM",581a1e34-77ec-4788-a471-1d272d1089f6,ab1ec541-afd4-4fa8-bcd1-d72e673eefcc,ผจญภัยใต้พื้นโลกกับ ดร.บ๊อบ,in-class,"Jul 12, 2026, 8:22:13 AM",null
"Jul 12, 2026, 4:09:31 AM",581a1e34-77ec-4788-a471-1d272d1089f6,d0116cf9-0565-4381-83b8-0bc2f8f9b070,ผจญภัยใต้พื้นโลกกับ ดร.บ๊อบ,in-class,"Jul 12, 2026, 4:09:31 AM",null
"Jul 12, 2026, 3:00:26 AM",581a1e34-77ec-4788-a471-1d272d1089f6,d0116cf9-0565-4381-83b8-0bc2f8f9b070,ผจญภัยใต้พื้นโลกกับ ดร.บ๊อบ,in-class,"Jul 12, 2026, 3:00:26 AM",null
"Jul 12, 2026, 3:07:01 AM",581a1e34-77ec-4788-a471-1d272d1089f6,2d20eaa7-60fb-4bfb-8fe9-608aa5b8472d,ผจญภัยใต้พื้นโลกกับ ดร.บ๊อบ,in-class,"Jul 12, 2026, 3:07:01 AM",null
"Jul 12, 2026, 5:53:48 AM",SURVIVOR_02,62952b98-d4ff-43ce-af95-9326bbd25d11,คาปิ 9 ชีวิต,out-class,"Jul 12, 2026, 5:53:48 AM",null
"Jul 12, 2026, 3:27:56 AM",SURVIVOR_03,708dbc5d-70ff-4b00-95cc-b96584e0bdc0,คาปิ 9 ชีวิต,out-class,"Jul 12, 2026, 3:27:56 AM",null
"Jul 12, 2026, 8:22:19 AM",581a1e34-77ec-4788-a471-1d272d1089f6,ab1ec541-afd4-4fa8-bcd1-d72e673eefcc,ผจญภัยใต้พื้นโลกกับ ดร.บ๊อบ,in-class,"Jul 12, 2026, 8:22:19 AM",null
"Jul 12, 2026, 3:13:37 AM",581a1e34-77ec-4788-a471-1d272d1089f6,d0116cf9-0565-4381-83b8-0bc2f8f9b070,ผจญภัยใต้พื้นโลกกับ ดร.บ๊อบ,in-class,"Jul 12, 2026, 3:13:37 AM",null
"Jul 12, 2026, 5:27:58 AM",581a1e34-77ec-4788-a471-1d272d1089f6,4e450ba2-bde1-4711-b752-b2325f7cf18c,ผจญภัยใต้พื้นโลกกับ ดร.บ๊อบ,in-class,"Jul 12, 2026, 5:27:58 AM",null
"Jul 12, 2026, 6:47:25 AM",581a1e34-77ec-4788-a471-1d272d1089f6,d0116cf9-0565-4381-83b8-0bc2f8f9b070,ผจญภัยใต้พื้นโลกกับ ดร.บ๊อบ,in-class,"Jul 12, 2026, 6:47:25 AM",null
"Jul 12, 2026, 3:25:41 AM",581a1e34-77ec-4788-a471-1d272d1089f6,0cca7fbf-a51b-4244-b457-5470fab577bb,ผจญภัยใต้พื้นโลกกับ ดร.บ๊อบ,in-class,"Jul 12, 2026, 3:25:41 AM",null
"Jul 12, 2026, 9:54:22 AM",581a1e34-77ec-4788-a471-1d272d1089f6,28509916-d02a-43fb-ac76-41945c40d38a,ผจญภัยใต้พื้นโลกกับ ดร.บ๊อบ,in-class,"Jul 12, 2026, 9:54:22 AM",null
"Jul 12, 2026, 12:16:49 PM",SURVIVOR_09,f5ec6cec-c294-4977-b2dd-bc516c2df718,คาปิ 9 ชีวิต,out-class,"Jul 12, 2026, 12:16:49 PM",null
"Jul 12, 2026, 3:53:17 AM",581a1e34-77ec-4788-a471-1d272d1089f6,8d44d0d6-12dd-4ad4-9498-0a65280d77c2,ผจญภัยใต้พื้นโลกกับ ดร.บ๊อบ,in-class,"Jul 12, 2026, 3:53:17 AM",null
"Jul 12, 2026, 7:04:22 AM",SURVIVOR_16,b918b0a9-033e-4938-bda7-69838cf163a9,คาปิ 9 ชีวิต,out-class,"Jul 12, 2026, 7:04:22 AM",null
"Jul 12, 2026, 6:52:16 AM",581a1e34-77ec-4788-a471-1d272d1089f6,7c11f9b9-bf4c-43e1-9c2b-35e5ad563d1e,ผจญภัยใต้พื้นโลกกับ ดร.บ๊อบ,in-class,"Jul 12, 2026, 6:52:16 AM",null
"Jul 12, 2026, 4:51:19 AM",581a1e34-77ec-4788-a471-1d272d1089f6,0a84861b-145f-473b-964f-d94d664a5aff,ผจญภัยใต้พื้นโลกกับ ดร.บ๊อบ,in-class,"Jul 12, 2026, 4:51:19 AM",null
"Jul 12, 2026, 5:05:55 AM",SURVIVOR_18,4ead6b61-a28c-47f8-a90f-187980a9148c,คาปิ 9 ชีวิต,out-class,"Jul 12, 2026, 5:05:55 AM",null
"Jul 12, 2026, 2:57:09 AM",SURVIVOR_21,657090a1-75de-4779-96b2-c50dc0f30281,คาปิ 9 ชีวิต,out-class,"Jul 12, 2026, 2:57:09 AM",null
"Jul 12, 2026, 6:35:27 AM",581a1e34-77ec-4788-a471-1d272d1089f6,657090a1-75de-4779-96b2-c50dc0f30281,ผจญภัยใต้พื้นโลกกับ ดร.บ๊อบ,in-class,"Jul 12, 2026, 6:35:27 AM",null
"Jul 12, 2026, 2:42:28 AM",581a1e34-77ec-4788-a471-1d272d1089f6,f7d3f0ad-98f6-44f8-b871-dbfd3104f55d,ผจญภัยใต้พื้นโลกกับ ดร.บ๊อบ,in-class,"Jul 12, 2026, 2:42:28 AM",null
"Jul 12, 2026, 2:09:17 AM",SURVIVOR_21,7bb29d23-3d2c-4c5e-97ed-e025ac9d72d7,คาปิ 9 ชีวิต,out-class,"Jul 12, 2026, 2:09:17 AM",null
"Jul 12, 2026, 3:40:05 AM",581a1e34-77ec-4788-a471-1d272d1089f6,8d44d0d6-12dd-4ad4-9498-0a65280d77c2,ผจญภัยใต้พื้นโลกกับ ดร.บ๊อบ,in-class,"Jul 12, 2026, 3:40:05 AM",null
"Jul 12, 2026, 8:23:35 AM",581a1e34-77ec-4788-a471-1d272d1089f6,ae9f17a8-7fe5-4bba-ad45-84d91ae0d020,ผจญภัยใต้พื้นโลกกับ ดร.บ๊อบ,in-class,"Jul 12, 2026, 8:23:35 AM",null
"Jul 12, 2026, 3:39:51 AM",581a1e34-77ec-4788-a471-1d272d1089f6,8d44d0d6-12dd-4ad4-9498-0a65280d77c2,ผจญภัยใต้พื้นโลกกับ ดร.บ๊อบ,in-class,"Jul 12, 2026, 3:39:51 AM",null
"Jul 12, 2026, 3:38:03 AM",SURVIVOR_22,708dbc5d-70ff-4b00-95cc-b96584e0bdc0,คาปิ 9 ชีวิต,out-class,"Jul 12, 2026, 3:38:03 AM",null
"Jul 12, 2026, 7:34:49 AM",581a1e34-77ec-4788-a471-1d272d1089f6,c2f405fd-6fa6-4614-94e6-bc969d163a27,ผจญภัยใต้พื้นโลกกับ ดร.บ๊อบ,in-class,"Jul 12, 2026, 7:34:49 AM",null
"Jul 12, 2026, 3:28:19 AM",581a1e34-77ec-4788-a471-1d272d1089f6,52b97ee8-03cc-46ba-ad7d-30dd352d6861,ผจญภัยใต้พื้นโลกกับ ดร.บ๊อบ,in-class,"Jul 12, 2026, 3:28:19 AM",null
"Jul 12, 2026, 4:38:57 AM",581a1e34-77ec-4788-a471-1d272d1089f6,70630cfb-90f5-49e2-a027-58e1fe3bda55,ผจญภัยใต้พื้นโลกกับ ดร.บ๊อบ,in-class,"Jul 12, 2026, 4:38:57 AM",null
"Jul 12, 2026, 3:12:47 AM",SURVIVOR_23,3bc91307-815d-445f-b5b0-da78d7be2959,คาปิ 9 ชีวิต,out-class,"Jul 12, 2026, 3:12:47 AM",null
"Jul 12, 2026, 3:23:52 AM",581a1e34-77ec-4788-a471-1d272d1089f6,7b30cb7a-7acd-4c1f-956c-a05b75435f72,ผจญภัยใต้พื้นโลกกับ ดร.บ๊อบ,in-class,"Jul 12, 2026, 3:23:52 AM",null
"Jul 12, 2026, 6:51:45 AM",581a1e34-77ec-4788-a471-1d272d1089f6,a55911e6-6741-4333-bec2-05f29acac278,ผจญภัยใต้พื้นโลกกับ ดร.บ๊อบ,in-class,"Jul 12, 2026, 6:51:45 AM",null
"Jul 12, 2026, 4:03:15 PM",581a1e34-77ec-4788-a471-1d272d1089f6,25a07332-7ac3-444e-bb54-25a02241f9e9,ผจญภัยใต้พื้นโลกกับ ดร.บ๊อบ,in-class,"Jul 12, 2026, 4:03:15 PM",null
"Jul 12, 2026, 7:54:25 AM",581a1e34-77ec-4788-a471-1d272d1089f6,eba8151c-89ca-4448-9072-d60b0269454a,ผจญภัยใต้พื้นโลกกับ ดร.บ๊อบ,in-class,"Jul 12, 2026, 7:54:25 AM",null
"Jul 12, 2026, 8:19:22 AM",SURVIVOR_25,2ac8e84e-f4b0-4ef4-99ec-a9d4601f4dbe,คาปิ 9 ชีวิต,out-class,"Jul 12, 2026, 8:19:22 AM",null
"Jul 12, 2026, 2:57:07 AM",SURVIVOR_26,448d86b2-8ebc-4707-b238-ec519fce0e9d,คาปิ 9 ชีวิต,out-class,"Jul 12, 2026, 2:57:07 AM",null
"Jul 12, 2026, 5:54:34 AM",SURVIVOR_27,62952b98-d4ff-43ce-af95-9326bbd25d11,คาปิ 9 ชีวิต,out-class,"Jul 12, 2026, 5:54:34 AM",null
"Jul 12, 2026, 7:14:04 AM",581a1e34-77ec-4788-a471-1d272d1089f6,41837a2b-5ba8-4973-88a7-4206d1eb7035,ผจญภัยใต้พื้นโลกกับ ดร.บ๊อบ,in-class,"Jul 12, 2026, 7:14:04 AM",null
"Jul 12, 2026, 8:23:08 AM",SURVIVOR_28,34829dd6-d24a-406d-81e4-17a15dabe9d8,คาปิ 9 ชีวิต,out-class,"Jul 12, 2026, 8:23:08 AM",null
"Jul 12, 2026, 4:31:41 AM",CONTEST_40,7e949a6a-0138-4cab-9c28-70f361d6e91f,ครัวป่วนจานแปลก,out-class,"Jul 12, 2026, 4:31:41 AM",null
"Jul 12, 2026, 4:58:22 AM",SURVIVOR_33,52b97ee8-03cc-46ba-ad7d-30dd352d6861,คาปิ 9 ชีวิต,out-class,"Jul 12, 2026, 4:58:22 AM",null
"Jul 12, 2026, 3:26:49 AM",SURVIVOR_34,0cca7fbf-a51b-4244-b457-5470fab577bb,คาปิ 9 ชีวิต,out-class,"Jul 12, 2026, 3:26:49 AM",null
"Jul 12, 2026, 4:53:27 AM",SURVIVOR_34,0c135b8d-840c-4410-ad0e-1464ff0c63ba,คาปิ 9 ชีวิต,out-class,"Jul 12, 2026, 4:53:27 AM",null
"Jul 12, 2026, 2:41:10 AM",581a1e34-77ec-4788-a471-1d272d1089f6,651e05c1-e5fe-4f78-9504-292933a453f5,ผจญภัยใต้พื้นโลกกับ ดร.บ๊อบ,in-class,"Jul 12, 2026, 2:41:10 AM",null
"Jul 12, 2026, 7:34:14 AM",SURVIVOR_35,1e35203d-fc49-46e3-a77c-b7a2bb7e9c61,คาปิ 9 ชีวิต,out-class,"Jul 12, 2026, 7:34:14 AM",null
"Jul 12, 2026, 3:14:02 AM",581a1e34-77ec-4788-a471-1d272d1089f6,6fa13a3a-da47-4faf-9f64-d8234116bf6e,ผจญภัยใต้พื้นโลกกับ ดร.บ๊อบ,in-class,"Jul 12, 2026, 3:14:02 AM",null
"Jul 12, 2026, 4:59:55 AM",581a1e34-77ec-4788-a471-1d272d1089f6,8d44d0d6-12dd-4ad4-9498-0a65280d77c2,ผจญภัยใต้พื้นโลกกับ ดร.บ๊อบ,in-class,"Jul 12, 2026, 4:59:55 AM",null
"Jul 12, 2026, 7:19:04 AM",581a1e34-77ec-4788-a471-1d272d1089f6,8643b59c-e774-4c49-997e-807ca071c8ef,ผจญภัยใต้พื้นโลกกับ ดร.บ๊อบ,in-class,"Jul 12, 2026, 7:19:04 AM",null
"Jul 12, 2026, 8:13:26 AM",581a1e34-77ec-4788-a471-1d272d1089f6,a3d17f5c-0b41-4466-9729-81cbe031b55e,ผจญภัยใต้พื้นโลกกับ ดร.บ๊อบ,in-class,"Jul 12, 2026, 8:13:26 AM",null
"Jul 12, 2026, 4:35:27 AM",581a1e34-77ec-4788-a471-1d272d1089f6,9af647f8-55bf-45e4-ab78-a5e4638b63ec,ผจญภัยใต้พื้นโลกกับ ดร.บ๊อบ,in-class,"Jul 12, 2026, 4:35:27 AM",null
"Jul 12, 2026, 3:13:19 AM",SURVIVOR_36,3bc91307-815d-445f-b5b0-da78d7be2959,คาปิ 9 ชีวิต,out-class,"Jul 12, 2026, 3:13:19 AM",null
"Jul 12, 2026, 3:56:22 AM",581a1e34-77ec-4788-a471-1d272d1089f6,dfb26ec8-98d9-4134-b923-19847c17ea63,ผจญภัยใต้พื้นโลกกับ ดร.บ๊อบ,in-class,"Jul 12, 2026, 3:56:22 AM",null
"Jul 12, 2026, 3:12:39 AM",SURVIVOR_41,3bc91307-815d-445f-b5b0-da78d7be2959,คาปิ 9 ชีวิต,out-class,"Jul 12, 2026, 3:12:39 AM",null
"Jul 12, 2026, 3:29:49 AM",SURVIVOR_41,7984f58c-b89b-474f-881c-78bf2a698e3b,คาปิ 9 ชีวิต,out-class,"Jul 12, 2026, 3:29:49 AM",null
"Jul 12, 2026, 3:50:32 AM",SURVIVOR_42,2d20eaa7-60fb-4bfb-8fe9-608aa5b8472d,คาปิ 9 ชีวิต,out-class,"Jul 12, 2026, 3:50:32 AM",null
"Jul 12, 2026, 3:07:35 AM",581a1e34-77ec-4788-a471-1d272d1089f6,d0116cf9-0565-4381-83b8-0bc2f8f9b070,ผจญภัยใต้พื้นโลกกับ ดร.บ๊อบ,in-class,"Jul 12, 2026, 3:07:35 AM",null
"Jul 12, 2026, 3:57:17 AM",581a1e34-77ec-4788-a471-1d272d1089f6,26e30af9-be9a-48e8-acc4-9f7a4472a83f,ผจญภัยใต้พื้นโลกกับ ดร.บ๊อบ,in-class,"Jul 12, 2026, 3:57:17 AM",null
"Jul 12, 2026, 4:35:08 AM",581a1e34-77ec-4788-a471-1d272d1089f6,b6d47d7f-3671-4cbf-8652-dabee441e1b3,ผจญภัยใต้พื้นโลกกับ ดร.บ๊อบ,in-class,"Jul 12, 2026, 4:35:08 AM",null
"Jul 12, 2026, 8:09:34 AM",581a1e34-77ec-4788-a471-1d272d1089f6,9d65aa9b-6b57-41c7-bf03-a9a8b18d661b,ผจญภัยใต้พื้นโลกกับ ดร.บ๊อบ,in-class,"Jul 12, 2026, 8:09:34 AM",null
"Jul 12, 2026, 4:26:28 AM",581a1e34-77ec-4788-a471-1d272d1089f6,df05aff1-e83c-4944-9606-a5ee7efc4db4,ผจญภัยใต้พื้นโลกกับ ดร.บ๊อบ,in-class,"Jul 12, 2026, 4:26:28 AM",null
"Jul 12, 2026, 4:17:51 AM",SURVIVOR_42,2d20eaa7-60fb-4bfb-8fe9-608aa5b8472d,คาปิ 9 ชีวิต,out-class,"Jul 12, 2026, 4:17:51 AM",null
"Jul 12, 2026, 6:44:30 AM",581a1e34-77ec-4788-a471-1d272d1089f6,9e234dca-9d0a-4684-ae71-e8e5232db25e,ผจญภัยใต้พื้นโลกกับ ดร.บ๊อบ,in-class,"Jul 12, 2026, 6:44:30 AM",null
"Jul 12, 2026, 7:53:20 AM",581a1e34-77ec-4788-a471-1d272d1089f6,5f1225f8-1099-47ed-ac02-2b9ad8d04afd,ผจญภัยใต้พื้นโลกกับ ดร.บ๊อบ,in-class,"Jul 12, 2026, 7:53:20 AM",null
"Jul 12, 2026, 10:04:05 AM",SURVIVOR_43,0cca7fbf-a51b-4244-b457-5470fab577bb,คาปิ 9 ชีวิต,out-class,"Jul 12, 2026, 10:04:05 AM",null
"Jul 12, 2026, 7:00:39 AM",581a1e34-77ec-4788-a471-1d272d1089f6,a1ec98a3-ef90-4bbc-83b3-5f84d702811c,ผจญภัยใต้พื้นโลกกับ ดร.บ๊อบ,in-class,"Jul 12, 2026, 7:00:39 AM",null
"Jul 12, 2026, 4:38:43 AM",581a1e34-77ec-4788-a471-1d272d1089f6,f5ff8799-8038-45af-a96e-e81ce78e905c,ผจญภัยใต้พื้นโลกกับ ดร.บ๊อบ,in-class,"Jul 12, 2026, 4:38:43 AM",null
"Jul 12, 2026, 4:31:32 AM",581a1e34-77ec-4788-a471-1d272d1089f6,f5ff8799-8038-45af-a96e-e81ce78e905c,ผจญภัยใต้พื้นโลกกับ ดร.บ๊อบ,in-class,"Jul 12, 2026, 4:31:32 AM",null
"Jul 12, 2026, 5:06:50 AM",581a1e34-77ec-4788-a471-1d272d1089f6,4ead6b61-a28c-47f8-a90f-187980a9148c,ผจญภัยใต้พื้นโลกกับ ดร.บ๊อบ,in-class,"Jul 12, 2026, 5:06:50 AM",null
"Jul 12, 2026, 3:19:12 AM",581a1e34-77ec-4788-a471-1d272d1089f6,f5ec6cec-c294-4977-b2dd-bc516c2df718,ผจญภัยใต้พื้นโลกกับ ดร.บ๊อบ,in-class,"Jul 12, 2026, 3:19:12 AM",null
"Jul 12, 2026, 5:57:19 AM",581a1e34-77ec-4788-a471-1d272d1089f6,2f3b4c46-e822-43df-84c0-fd1301d41832,ผจญภัยใต้พื้นโลกกับ ดร.บ๊อบ,in-class,"Jul 12, 2026, 5:57:19 AM",null
"Jul 12, 2026, 3:57:37 AM",SURVIVOR_44,26e30af9-be9a-48e8-acc4-9f7a4472a83f,คาปิ 9 ชีวิต,out-class,"Jul 12, 2026, 3:57:37 AM",null
"Jul 12, 2026, 4:35:05 AM",581a1e34-77ec-4788-a471-1d272d1089f6,62952b98-d4ff-43ce-af95-9326bbd25d11,ผจญภัยใต้พื้นโลกกับ ดร.บ๊อบ,in-class,"Jul 12, 2026, 4:35:05 AM",null
"Jul 12, 2026, 6:02:57 AM",SURVIVOR_44,26e30af9-be9a-48e8-acc4-9f7a4472a83f,คาปิ 9 ชีวิต,out-class,"Jul 12, 2026, 6:02:57 AM",null
"Jul 12, 2026, 6:35:15 AM",581a1e34-77ec-4788-a471-1d272d1089f6,657090a1-75de-4779-96b2-c50dc0f30281,ผจญภัยใต้พื้นโลกกับ ดร.บ๊อบ,in-class,"Jul 12, 2026, 6:35:15 AM",null
"Jul 12, 2026, 2:54:44 AM",SURVIVOR_47,448d86b2-8ebc-4707-b238-ec519fce0e9d,คาปิ 9 ชีวิต,out-class,"Jul 12, 2026, 2:54:44 AM",null
"Jul 12, 2026, 7:34:24 AM",581a1e34-77ec-4788-a471-1d272d1089f6,c2f405fd-6fa6-4614-94e6-bc969d163a27,ผจญภัยใต้พื้นโลกกับ ดร.บ๊อบ,in-class,"Jul 12, 2026, 7:34:24 AM",null
"Jul 12, 2026, 5:49:24 AM",581a1e34-77ec-4788-a471-1d272d1089f6,b6d47d7f-3671-4cbf-8652-dabee441e1b3,ผจญภัยใต้พื้นโลกกับ ดร.บ๊อบ,in-class,"Jul 12, 2026, 5:49:24 AM",null
"Jul 12, 2026, 6:12:48 AM",581a1e34-77ec-4788-a471-1d272d1089f6,41837a2b-5ba8-4973-88a7-4206d1eb7035,ผจญภัยใต้พื้นโลกกับ ดร.บ๊อบ,in-class,"Jul 12, 2026, 6:12:48 AM",null
"Jul 12, 2026, 3:27:09 AM",TERRARIUM_01,0cca7fbf-a51b-4244-b457-5470fab577bb,คาปิคราฟท์,out-class,"Jul 12, 2026, 3:27:09 AM",null
"Jul 12, 2026, 8:57:19 AM",581a1e34-77ec-4788-a471-1d272d1089f6,28509916-d02a-43fb-ac76-41945c40d38a,ผจญภัยใต้พื้นโลกกับ ดร.บ๊อบ,in-class,"Jul 12, 2026, 8:57:19 AM",null
"Jul 12, 2026, 4:28:03 AM",TERRARIUM_01,df05aff1-e83c-4944-9606-a5ee7efc4db4,คาปิคราฟท์,out-class,"Jul 12, 2026, 4:28:03 AM",null
"Jul 12, 2026, 6:44:55 AM",TERRARIUM_01,0cca7fbf-a51b-4244-b457-5470fab577bb,คาปิคราฟท์,out-class,"Jul 12, 2026, 6:44:55 AM",null
"Jul 12, 2026, 6:44:49 AM",TERRARIUM_01,0cca7fbf-a51b-4244-b457-5470fab577bb,คาปิคราฟท์,out-class,"Jul 12, 2026, 6:44:49 AM",null
"Jul 12, 2026, 3:38:20 AM",581a1e34-77ec-4788-a471-1d272d1089f6,32ebdffc-ee6c-4a12-976b-25cd784a02d3,ผจญภัยใต้พื้นโลกกับ ดร.บ๊อบ,in-class,"Jul 12, 2026, 3:38:20 AM",null
"Jul 12, 2026, 5:35:06 AM",TERRARIUM_01,0cca7fbf-a51b-4244-b457-5470fab577bb,คาปิคราฟท์,out-class,"Jul 12, 2026, 5:35:06 AM",null
"Jul 12, 2026, 8:57:00 AM",TERRARIUM_02,28509916-d02a-43fb-ac76-41945c40d38a,คาปิคราฟท์,out-class,"Jul 12, 2026, 8:57:00 AM",null
"Jul 12, 2026, 3:21:43 AM",581a1e34-77ec-4788-a471-1d272d1089f6,8d44d0d6-12dd-4ad4-9498-0a65280d77c2,ผจญภัยใต้พื้นโลกกับ ดร.บ๊อบ,in-class,"Jul 12, 2026, 3:21:43 AM",null
"Jul 12, 2026, 6:47:27 AM",581a1e34-77ec-4788-a471-1d272d1089f6,a55911e6-6741-4333-bec2-05f29acac278,ผจญภัยใต้พื้นโลกกับ ดร.บ๊อบ,in-class,"Jul 12, 2026, 6:47:27 AM",null
"Jul 12, 2026, 3:15:41 AM",TERRARIUM_04,6fa13a3a-da47-4faf-9f64-d8234116bf6e,คาปิคราฟท์,out-class,"Jul 12, 2026, 3:15:41 AM",null
"Jul 12, 2026, 4:34:01 AM",TERRARIUM_04,1d7a5a5f-22b5-44dd-b4bf-be4f0a011d76,คาปิคราฟท์,out-class,"Jul 12, 2026, 4:34:01 AM",null
"Jul 12, 2026, 5:29:26 AM",TERRARIUM_06,8b5d394f-7ffc-4277-8911-21729509ef36,คาปิคราฟท์,out-class,"Jul 12, 2026, 5:29:26 AM",null
"Jul 12, 2026, 10:28:56 AM",TERRARIUM_06,6dad7818-8fcc-41b3-a93b-2b9d83710856,คาปิคราฟท์,out-class,"Jul 12, 2026, 10:28:56 AM",null
"Jul 12, 2026, 9:45:51 AM",581a1e34-77ec-4788-a471-1d272d1089f6,28509916-d02a-43fb-ac76-41945c40d38a,ผจญภัยใต้พื้นโลกกับ ดร.บ๊อบ,in-class,"Jul 12, 2026, 9:45:51 AM",null
"Jul 12, 2026, 6:13:11 AM",581a1e34-77ec-4788-a471-1d272d1089f6,9c608188-ab8d-4d6f-8f62-c8c221dd17b4,ผจญภัยใต้พื้นโลกกับ ดร.บ๊อบ,in-class,"Jul 12, 2026, 6:13:11 AM",null
"Jul 12, 2026, 3:19:48 AM",TERRARIUM_06,f5ec6cec-c294-4977-b2dd-bc516c2df718,คาปิคราฟท์,out-class,"Jul 12, 2026, 3:19:48 AM",null
"Jul 12, 2026, 4:31:25 AM",581a1e34-77ec-4788-a471-1d272d1089f6,df05aff1-e83c-4944-9606-a5ee7efc4db4,ผจญภัยใต้พื้นโลกกับ ดร.บ๊อบ,in-class,"Jul 12, 2026, 4:31:25 AM",null
"Jul 12, 2026, 7:41:23 AM",581a1e34-77ec-4788-a471-1d272d1089f6,6a3270cb-94ba-4f8d-91da-1181edb484d0,ผจญภัยใต้พื้นโลกกับ ดร.บ๊อบ,in-class,"Jul 12, 2026, 7:41:23 AM",null
"Jul 12, 2026, 3:11:10 AM",TERRARIUM_07,d0116cf9-0565-4381-83b8-0bc2f8f9b070,คาปิคราฟท์,out-class,"Jul 12, 2026, 3:11:10 AM",null
"Jul 12, 2026, 3:32:15 AM",TERRARIUM_25,3d63c269-ff1a-4eaa-b96e-f83d3bb2dec3,คาปิคราฟท์,out-class,"Jul 12, 2026, 3:32:15 AM",null
"Jul 12, 2026, 8:20:58 AM",581a1e34-77ec-4788-a471-1d272d1089f6,a3d17f5c-0b41-4466-9729-81cbe031b55e,ผจญภัยใต้พื้นโลกกับ ดร.บ๊อบ,in-class,"Jul 12, 2026, 8:20:58 AM",null
"Jul 12, 2026, 4:45:30 AM",TERRARIUM_25,3d63c269-ff1a-4eaa-b96e-f83d3bb2dec3,คาปิคราฟท์,out-class,"Jul 12, 2026, 4:45:30 AM",null
"Jul 12, 2026, 3:21:03 AM",TERRARIUM_22,815b973a-3ad2-48bb-9bc5-7ab2006b50c8,คาปิคราฟท์,out-class,"Jul 12, 2026, 3:21:03 AM",null
"Jul 12, 2026, 2:44:13 AM",581a1e34-77ec-4788-a471-1d272d1089f6,f7d3f0ad-98f6-44f8-b871-dbfd3104f55d,ผจญภัยใต้พื้นโลกกับ ดร.บ๊อบ,in-class,"Jul 12, 2026, 2:44:13 AM",null
"Jul 12, 2026, 6:31:11 AM",581a1e34-77ec-4788-a471-1d272d1089f6,657090a1-75de-4779-96b2-c50dc0f30281,ผจญภัยใต้พื้นโลกกับ ดร.บ๊อบ,in-class,"Jul 12, 2026, 6:31:11 AM",null
"Jul 12, 2026, 4:03:35 PM",2008ad94-4f77-40e7-b200-7318727b2f5c,25a07332-7ac3-444e-bb54-25a02241f9e9,การบ้านพุทธประวัติของเจเจ,in-class,"Jul 12, 2026, 4:03:35 PM",null
"Jul 12, 2026, 2:02:42 AM",2008ad94-4f77-40e7-b200-7318727b2f5c,7bb29d23-3d2c-4c5e-97ed-e025ac9d72d7,การบ้านพุทธประวัติของเจเจ,in-class,"Jul 12, 2026, 2:02:42 AM",null
"Jul 12, 2026, 4:42:39 AM",2008ad94-4f77-40e7-b200-7318727b2f5c,de601595-8747-48a0-bd9e-5809d3b39854,การบ้านพุทธประวัติของเจเจ,in-class,"Jul 12, 2026, 4:42:39 AM",null
"Jul 12, 2026, 9:46:58 AM",2008ad94-4f77-40e7-b200-7318727b2f5c,28509916-d02a-43fb-ac76-41945c40d38a,การบ้านพุทธประวัติของเจเจ,in-class,"Jul 12, 2026, 9:46:58 AM",null
"Jul 12, 2026, 4:42:59 AM",2008ad94-4f77-40e7-b200-7318727b2f5c,de601595-8747-48a0-bd9e-5809d3b39854,การบ้านพุทธประวัติของเจเจ,in-class,"Jul 12, 2026, 4:42:59 AM",null
"Jul 12, 2026, 4:52:05 AM",2008ad94-4f77-40e7-b200-7318727b2f5c,2d20eaa7-60fb-4bfb-8fe9-608aa5b8472d,การบ้านพุทธประวัติของเจเจ,in-class,"Jul 12, 2026, 4:52:05 AM",null
"Jul 12, 2026, 2:46:23 AM",TERRARIUM_22,f7d3f0ad-98f6-44f8-b871-dbfd3104f55d,คาปิคราฟท์,out-class,"Jul 12, 2026, 2:46:23 AM",null
"Jul 12, 2026, 3:34:19 AM",2008ad94-4f77-40e7-b200-7318727b2f5c,8d44d0d6-12dd-4ad4-9498-0a65280d77c2,การบ้านพุทธประวัติของเจเจ,in-class,"Jul 12, 2026, 3:34:19 AM",null
"Jul 12, 2026, 4:50:03 AM",2008ad94-4f77-40e7-b200-7318727b2f5c,52b97ee8-03cc-46ba-ad7d-30dd352d6861,การบ้านพุทธประวัติของเจเจ,in-class,"Jul 12, 2026, 4:50:03 AM",null
"Jul 12, 2026, 4:53:50 AM",TERRARIUM_22,0c135b8d-840c-4410-ad0e-1464ff0c63ba,คาปิคราฟท์,out-class,"Jul 12, 2026, 4:53:50 AM",null
"Jul 12, 2026, 8:19:17 AM",TERRARIUM_21,2ac8e84e-f4b0-4ef4-99ec-a9d4601f4dbe,คาปิคราฟท์,out-class,"Jul 12, 2026, 8:19:17 AM",null
"Jul 12, 2026, 8:22:16 AM",03a7b506-f65d-4063-b531-d8538a11e5bd,ab1ec541-afd4-4fa8-bcd1-d72e673eefcc,เสียงจากคนละมิติ 2 มิติ สู่ 3 มิติ,in-class,"Jul 12, 2026, 8:22:16 AM",null
"Jul 12, 2026, 9:46:46 AM",03a7b506-f65d-4063-b531-d8538a11e5bd,28509916-d02a-43fb-ac76-41945c40d38a,เสียงจากคนละมิติ 2 มิติ สู่ 3 มิติ,in-class,"Jul 12, 2026, 9:46:46 AM",null
"Jul 12, 2026, 6:30:58 AM",03a7b506-f65d-4063-b531-d8538a11e5bd,657090a1-75de-4779-96b2-c50dc0f30281,เสียงจากคนละมิติ 2 มิติ สู่ 3 มิติ,in-class,"Jul 12, 2026, 6:30:58 AM",null
"Jul 12, 2026, 3:31:37 AM",03a7b506-f65d-4063-b531-d8538a11e5bd,8d44d0d6-12dd-4ad4-9498-0a65280d77c2,เสียงจากคนละมิติ 2 มิติ สู่ 3 มิติ,in-class,"Jul 12, 2026, 3:31:37 AM",null
"Jul 12, 2026, 4:28:49 AM",03a7b506-f65d-4063-b531-d8538a11e5bd,1d7a5a5f-22b5-44dd-b4bf-be4f0a011d76,เสียงจากคนละมิติ 2 มิติ สู่ 3 มิติ,in-class,"Jul 12, 2026, 4:28:49 AM",null
"Jul 12, 2026, 5:35:32 AM",TERRARIUM_21,8b5d394f-7ffc-4277-8911-21729509ef36,คาปิคราฟท์,out-class,"Jul 12, 2026, 5:35:32 AM",null
"Jul 12, 2026, 3:13:46 AM",TERRARIUM_20,6fa13a3a-da47-4faf-9f64-d8234116bf6e,คาปิคราฟท์,out-class,"Jul 12, 2026, 3:13:46 AM",null
"Jul 12, 2026, 5:51:47 AM",TERRARIUM_20,d4e83aa4-9453-43ae-b0e6-9e560cff256c,คาปิคราฟท์,out-class,"Jul 12, 2026, 5:51:47 AM",null
"Jul 12, 2026, 3:42:52 AM",TERRARIUM_19,8d44d0d6-12dd-4ad4-9498-0a65280d77c2,คาปิคราฟท์,out-class,"Jul 12, 2026, 3:42:52 AM",null
"Jul 12, 2026, 12:22:11 PM",TERRARIUM_19,f5ec6cec-c294-4977-b2dd-bc516c2df718,คาปิคราฟท์,out-class,"Jul 12, 2026, 12:22:11 PM",null
"Jul 12, 2026, 9:25:57 AM",03a7b506-f65d-4063-b531-d8538a11e5bd,a1ec98a3-ef90-4bbc-83b3-5f84d702811c,เสียงจากคนละมิติ 2 มิติ สู่ 3 มิติ,in-class,"Jul 12, 2026, 9:25:57 AM",null
"Jul 12, 2026, 3:55:13 AM",03a7b506-f65d-4063-b531-d8538a11e5bd,32ebdffc-ee6c-4a12-976b-25cd784a02d3,เสียงจากคนละมิติ 2 มิติ สู่ 3 มิติ,in-class,"Jul 12, 2026, 3:55:13 AM",null
"Jul 12, 2026, 4:58:12 AM",03a7b506-f65d-4063-b531-d8538a11e5bd,0a84861b-145f-473b-964f-d94d664a5aff,เสียงจากคนละมิติ 2 มิติ สู่ 3 มิติ,in-class,"Jul 12, 2026, 4:58:12 AM",null
"Jul 12, 2026, 4:42:24 AM",TERRARIUM_18,f5ff8799-8038-45af-a96e-e81ce78e905c,คาปิคราฟท์,out-class,"Jul 12, 2026, 4:42:24 AM",null
"Jul 12, 2026, 3:38:37 AM",03a7b506-f65d-4063-b531-d8538a11e5bd,32ebdffc-ee6c-4a12-976b-25cd784a02d3,เสียงจากคนละมิติ 2 มิติ สู่ 3 มิติ,in-class,"Jul 12, 2026, 3:38:37 AM",null
"Jul 12, 2026, 7:01:39 AM",03a7b506-f65d-4063-b531-d8538a11e5bd,a1ec98a3-ef90-4bbc-83b3-5f84d702811c,เสียงจากคนละมิติ 2 มิติ สู่ 3 มิติ,in-class,"Jul 12, 2026, 7:01:39 AM",null
"Jul 12, 2026, 4:31:46 AM",TERRARIUM_17,1d7a5a5f-22b5-44dd-b4bf-be4f0a011d76,คาปิคราฟท์,out-class,"Jul 12, 2026, 4:31:46 AM",null
"Jul 12, 2026, 3:46:34 AM",TERRARIUM_16,2d20eaa7-60fb-4bfb-8fe9-608aa5b8472d,คาปิคราฟท์,out-class,"Jul 12, 2026, 3:46:34 AM",null
"Jul 12, 2026, 3:26:54 AM",TERRARIUM_16,2d20eaa7-60fb-4bfb-8fe9-608aa5b8472d,คาปิคราฟท์,out-class,"Jul 12, 2026, 3:26:54 AM",null
"Jul 12, 2026, 3:24:19 AM",03a7b506-f65d-4063-b531-d8538a11e5bd,cac16a78-a31c-4b89-a188-78260559b6db,เสียงจากคนละมิติ 2 มิติ สู่ 3 มิติ,in-class,"Jul 12, 2026, 3:24:19 AM",null
"Jul 12, 2026, 7:34:55 AM",TERRARIUM_15,ce29f718-dd53-48e4-a738-39a937ba35db,คาปิคราฟท์,out-class,"Jul 12, 2026, 7:34:55 AM",null
"Jul 12, 2026, 4:07:19 AM",TERRARIUM_15,6ebf4151-16d5-4958-8847-aa48a3d88909,คาปิคราฟท์,out-class,"Jul 12, 2026, 4:07:19 AM",null
"Jul 12, 2026, 5:53:54 AM",TERRARIUM_15,6f372962-f3f2-4e0e-ab82-a79d5f0dadb9,คาปิคราฟท์,out-class,"Jul 12, 2026, 5:53:54 AM",null
"Jul 12, 2026, 5:52:57 AM",TERRARIUM_15,6f372962-f3f2-4e0e-ab82-a79d5f0dadb9,คาปิคราฟท์,out-class,"Jul 12, 2026, 5:52:57 AM",null
"Jul 12, 2026, 4:38:08 AM",03a7b506-f65d-4063-b531-d8538a11e5bd,de601595-8747-48a0-bd9e-5809d3b39854,เสียงจากคนละมิติ 2 มิติ สู่ 3 มิติ,in-class,"Jul 12, 2026, 4:38:08 AM",null
"Jul 12, 2026, 3:47:08 AM",TERRARIUM_15,6ebf4151-16d5-4958-8847-aa48a3d88909,คาปิคราฟท์,out-class,"Jul 12, 2026, 3:47:08 AM",null
"Jul 12, 2026, 3:08:02 AM",TERRARIUM_14,9505df78-9791-4b87-b759-8fe90baabbfb,คาปิคราฟท์,out-class,"Jul 12, 2026, 3:08:02 AM",null
"Jul 12, 2026, 4:39:35 AM",TERRARIUM_13,de601595-8747-48a0-bd9e-5809d3b39854,คาปิคราฟท์,out-class,"Jul 12, 2026, 4:39:35 AM",null
"Jul 12, 2026, 7:45:04 AM",03a7b506-f65d-4063-b531-d8538a11e5bd,9b05cfae-13d1-41a2-89ca-a7771c34a24d,เสียงจากคนละมิติ 2 มิติ สู่ 3 มิติ,in-class,"Jul 12, 2026, 7:45:04 AM",null
"Jul 12, 2026, 5:29:52 AM",03a7b506-f65d-4063-b531-d8538a11e5bd,47605709-6eec-4ce5-b4ef-23c9309e287d,เสียงจากคนละมิติ 2 มิติ สู่ 3 มิติ,in-class,"Jul 12, 2026, 5:29:52 AM",null
"Jul 12, 2026, 8:22:10 AM",03a7b506-f65d-4063-b531-d8538a11e5bd,ab1ec541-afd4-4fa8-bcd1-d72e673eefcc,เสียงจากคนละมิติ 2 มิติ สู่ 3 มิติ,in-class,"Jul 12, 2026, 8:22:10 AM",null
"Jul 12, 2026, 10:40:55 AM",03a7b506-f65d-4063-b531-d8538a11e5bd,9b05cfae-13d1-41a2-89ca-a7771c34a24d,เสียงจากคนละมิติ 2 มิติ สู่ 3 มิติ,in-class,"Jul 12, 2026, 10:40:55 AM",null
"Jul 12, 2026, 8:23:52 AM",03a7b506-f65d-4063-b531-d8538a11e5bd,ae9f17a8-7fe5-4bba-ad45-84d91ae0d020,เสียงจากคนละมิติ 2 มิติ สู่ 3 มิติ,in-class,"Jul 12, 2026, 8:23:52 AM",null
"Jul 12, 2026, 2:58:07 AM",TERRARIUM_13,657090a1-75de-4779-96b2-c50dc0f30281,คาปิคราฟท์,out-class,"Jul 12, 2026, 2:58:07 AM",null
"Jul 12, 2026, 4:29:04 AM",03a7b506-f65d-4063-b531-d8538a11e5bd,1d7a5a5f-22b5-44dd-b4bf-be4f0a011d76,เสียงจากคนละมิติ 2 มิติ สู่ 3 มิติ,in-class,"Jul 12, 2026, 4:29:04 AM",null
"Jul 12, 2026, 3:23:08 AM",03a7b506-f65d-4063-b531-d8538a11e5bd,6fa13a3a-da47-4faf-9f64-d8234116bf6e,เสียงจากคนละมิติ 2 มิติ สู่ 3 มิติ,in-class,"Jul 12, 2026, 3:23:08 AM",null
"Jul 12, 2026, 3:24:26 AM",TERRARIUM_12,2d20eaa7-60fb-4bfb-8fe9-608aa5b8472d,คาปิคราฟท์,out-class,"Jul 12, 2026, 3:24:26 AM",null
"Jul 12, 2026, 2:41:53 AM",03a7b506-f65d-4063-b531-d8538a11e5bd,720b9a03-ac21-44a7-8912-1bdeeb5e98e1,เสียงจากคนละมิติ 2 มิติ สู่ 3 มิติ,in-class,"Jul 12, 2026, 2:41:53 AM",null
"Jul 12, 2026, 9:13:02 AM",03a7b506-f65d-4063-b531-d8538a11e5bd,28509916-d02a-43fb-ac76-41945c40d38a,เสียงจากคนละมิติ 2 มิติ สู่ 3 มิติ,in-class,"Jul 12, 2026, 9:13:02 AM",null
"Jul 12, 2026, 3:09:57 AM",TERRARIUM_11,6fa13a3a-da47-4faf-9f64-d8234116bf6e,คาปิคราฟท์,out-class,"Jul 12, 2026, 3:09:57 AM",null
"Jul 12, 2026, 4:38:25 AM",TERRARIUM_08,1cd3198d-a6ff-4f46-9242-ad6e2df4d72a,คาปิคราฟท์,out-class,"Jul 12, 2026, 4:38:25 AM",null
"Jul 12, 2026, 4:48:26 AM",03a7b506-f65d-4063-b531-d8538a11e5bd,2d20eaa7-60fb-4bfb-8fe9-608aa5b8472d,เสียงจากคนละมิติ 2 มิติ สู่ 3 มิติ,in-class,"Jul 12, 2026, 4:48:26 AM",null
"Jul 12, 2026, 4:38:27 AM",03a7b506-f65d-4063-b531-d8538a11e5bd,de601595-8747-48a0-bd9e-5809d3b39854,เสียงจากคนละมิติ 2 มิติ สู่ 3 มิติ,in-class,"Jul 12, 2026, 4:38:27 AM",null
"Jul 12, 2026, 4:00:37 PM",03a7b506-f65d-4063-b531-d8538a11e5bd,25a07332-7ac3-444e-bb54-25a02241f9e9,เสียงจากคนละมิติ 2 มิติ สู่ 3 มิติ,in-class,"Jul 12, 2026, 4:00:37 PM",null
"Jul 12, 2026, 6:23:37 AM",03a7b506-f65d-4063-b531-d8538a11e5bd,4b60e564-2dc3-4500-99bc-e9c7a637cdf7,เสียงจากคนละมิติ 2 มิติ สู่ 3 มิติ,in-class,"Jul 12, 2026, 6:23:37 AM",null
"Jul 12, 2026, 2:29:10 AM",581a1e34-77ec-4788-a471-1d272d1089f6,67f438a9-4bbe-4a49-80ba-e18648f10b39,ผจญภัยใต้พื้นโลกกับ ดร.บ๊อบ,in-class,"Jul 12, 2026, 2:29:10 AM",null