createdAt,อายุ,อาชีพ,สังกัด,ชื่อเล่น,userId
"Jul 12, 2026, 3:16:20 AM",29,ครู,โรงเรียนรุ่งอรุณ,นัท,8d44d0d6-12dd-4ad4-9498-0a65280d77c2
"Jul 12, 2026, 7:47:54 AM",45,ผู้ปกครอง,null,แก้ว,5f1225f8-1099-47ed-ac02-2b9ad8d04afd
"Jul 12, 2026, 3:04:20 AM",23,นักเรียน,ศกร.อำเภอแม่แตง,น้องม่อน,3bc91307-815d-445f-b5b0-da78d7be2959
"Jul 12, 2026, 4:26:31 AM",45,นักการศึกษา,สกร.,เซียมซี,7e949a6a-0138-4cab-9c28-70f361d6e91f
"Jul 12, 2026, 5:29:13 AM",28,ครู,สพม.กท2,หยก,8b5d394f-7ffc-4277-8911-21729509ef36
"Jul 12, 2026, 7:10:06 AM",41,อิสระ,ไม่มีสังกัด,มิกกี้,41837a2b-5ba8-4973-88a7-4206d1eb7035
"Jul 12, 2026, 9:49:58 AM",50,ผู้ปกครอง,null,Jk,81eb3a93-d7e4-4c79-b9ef-66e39997f720
"Jul 12, 2026, 8:11:46 AM",37,พนักงาน,เอกชน,จิ๊ป,ae9f17a8-7fe5-4bba-ad45-84d91ae0d020
"Jul 12, 2026, 4:50:56 AM",19,นักศึกษา,มหาวิทยาลัยราชภัฏสวนสุนันทา,F.,0a84861b-145f-473b-964f-d94d664a5aff
"Jul 12, 2026, 4:38:58 AM",15,นักเรียน,ตอพภ.,พีพี,0c135b8d-840c-4410-ad0e-1464ff0c63ba
"Jul 12, 2026, 8:10:16 AM",45,พนักงานบริษัท,ส่วนตัว,Nan,34829dd6-d24a-406d-81e4-17a15dabe9d8
"Jul 12, 2026, 3:06:27 AM",14,นักเรียน,เซนต์โยเซฟระยอง,กัญญ์,448d86b2-8ebc-4707-b238-ec519fce0e9d
"Jul 12, 2026, 5:28:37 AM",38,นักการศึกษา,Kalasin University,Briize,47605709-6eec-4ce5-b4ef-23c9309e287d
"Jul 12, 2026, 5:31:21 AM",30,ครู,กทม,Foam,4e450ba2-bde1-4711-b752-b2325f7cf18c
"Jul 12, 2026, 4:50:39 AM",20,นักศึกษา (คณะครุศาสตร์),มหาวิทยาลัยราชภัฏสวนสุนันทา,นนท์,5f65d2ca-018d-4419-8fbf-e9e4c46e32e2
"Jul 12, 2026, 7:33:26 AM",25,นักเรียน,Bma,Haaland,6a3270cb-94ba-4f8d-91da-1181edb484d0
"Jul 12, 2026, 3:47:03 AM",26,อิสระ,อิสระ,นิล,6ebf4151-16d5-4958-8847-aa48a3d88909
"Jul 12, 2026, 3:20:14 AM",41,ผู้ปกครอง,null,ตุ๊กตา,708dbc5d-70ff-4b00-95cc-b96584e0bdc0
"Jul 12, 2026, 3:15:44 AM",24,นักกีฬา,ทีมชาติอังกฤษ,Bellingham,815b973a-3ad2-48bb-9bc5-7ab2006b50c8
"Jul 12, 2026, 3:12:07 AM",26,วิศวกรซอฟแวร์,อดีต Skooldio,นิล,9879afde-235e-4c6c-882d-24c6836e47f8
"Jul 12, 2026, 4:27:34 AM",31,ครู,สกร.ระดับอำเภอเชียงดาว,น้ำทรัพย์,ac69e9f3-64f1-411c-8133-1b2ed943523d
"Jul 12, 2026, 9:27:59 AM",15,Aaa,B,Messi,af580e06-fb39-43b1-8980-ff4d1eead1c7
"Jul 12, 2026, 5:39:48 AM",15,นักเรียน,โรงเรียนวัดล้านตอง,วิว,b6d47d7f-3671-4cbf-8652-dabee441e1b3
"Jul 12, 2026, 7:34:18 AM",46,นักการศึกษา,กทม,จุ๋ม,c2f405fd-6fa6-4614-94e6-bc969d163a27
"Jul 12, 2026, 4:28:36 AM",26,นักการศึกษา,สกร.ระดับอำเภอเชียงดาว,น้องแสง,1d7a5a5f-22b5-44dd-b4bf-be4f0a011d76
"Jul 12, 2026, 3:06:35 AM",33,พนง.เอกชน,สถาบัน วี บาย เดอะเบรน,Men,2d20eaa7-60fb-4bfb-8fe9-608aa5b8472d
"Jul 12, 2026, 3:31:16 AM",33,นักวิจัย,มหาวิทยาลัยราชภัฏอุบลราชธานี,น้องเปิ้ลน่ารัก,32ebdffc-ee6c-4a12-976b-25cd784a02d3
"Jul 12, 2026, 6:27:54 AM",36,นักวิจัย,อุบล,เอจัง,657090a1-75de-4779-96b2-c50dc0f30281
"Jul 12, 2026, 6:53:52 AM",26,ครู,โรงเรียนตั้งพิรุฬห์ธรรม,Kru'Arm,a1ec98a3-ef90-4bbc-83b3-5f84d702811c
"Jul 12, 2026, 8:39:10 AM",50,พนักงานมหาวิทยาลัย,มหาวิทยาลัย,Nutty,ab1ec541-afd4-4fa8-bcd1-d72e673eefcc
"Jul 12, 2026, 3:20:27 AM",35,นักวิจัย,ไร้สังกัด,นิ,cac16a78-a31c-4b89-a188-78260559b6db
"Jul 12, 2026, 6:49:14 AM",56,ครู,สกร.ระดับอำเภอแม่แตง,แรมรี่่,d0116cf9-0565-4381-83b8-0bc2f8f9b070
"Jul 12, 2026, 3:04:04 AM",13,นักเรียน,โรงเรียนเซนต์โยเซฟระยอง,Praew,dddde37b-1961-48fd-8c18-838e99a40d32
"Jul 12, 2026, 7:47:43 AM",58,ธุรกิจส่วนตัว,เอกชน,หนึ่ง,eba8151c-89ca-4448-9072-d60b0269454a
"Jul 12, 2026, 9:45:45 AM",25,นักเรียน,โรงเรียนกะปิ,จีน,28509916-d02a-43fb-ac76-41945c40d38a
"Jul 12, 2026, 8:16:30 AM",45,ครู,อิสระ,Ameen,2ac8e84e-f4b0-4ef4-99ec-a9d4601f4dbe
"Jul 12, 2026, 6:52:58 AM",13,นักเรียน,โรงเรียนตั้งพิรุฬห์ธรรม,iQ,448b64ea-f35d-4064-8abd-f30f7b3cf852
"Jul 12, 2026, 3:23:32 AM",12,นักวิจัย,TDRI,Aa,7b30cb7a-7acd-4c1f-956c-a05b75435f72
"Jul 12, 2026, 7:21:16 AM",29,นักวิจัย,TDRI,โมส,84ce1de0-4c42-4c26-ae56-ad6651869c39
"Jul 12, 2026, 2:51:18 AM",53,ครู,สกร.ระดับอำเภอฝาง,พา,f7d3f0ad-98f6-44f8-b871-dbfd3104f55d
"Jul 12, 2026, 3:27:08 AM",11,นักเรียน,โรงเรียนศาลเจ้า (ห้าวนุกูลวิทยา),แสตมป์,26e30af9-be9a-48e8-acc4-9f7a4472a83f
"Jul 12, 2026, 3:30:41 PM",3,นักเรียน,-,puzzle,5c7a539d-d920-4c34-9e5b-b06151df09b4
"Jul 12, 2026, 6:53:45 AM",13,นักเรียน,กรุงเทพมหานคร,ยูโร,72e180e4-f273-45a2-b293-4849a5db97bd
"Jul 12, 2026, 3:00:40 AM",18,นักเรียน,สกร.อำเภอแม่แตง,อ้อกแอ้ก,9505df78-9791-4b87-b759-8fe90baabbfb
"Jul 12, 2026, 4:27:12 AM",22,นักเรียน,สกร.อำเภอเชียงดาว,ตาโต,9e234dca-9d0a-4684-ae71-e8e5232db25e
"Jul 12, 2026, 2:45:28 AM",14,นักเรียน,โรงเรียนศีลาจาร์พิพัฒน์,จุ๊บจิ๊บ,5b833af8-8827-4166-97c3-3afb61e142c6
"Jul 12, 2026, 3:03:52 AM",13,นักเรียน,โรงเรียนเซนต์โยเซฟระยอง,wiwa,7984f58c-b89b-474f-881c-78bf2a698e3b
"Jul 12, 2026, 5:37:43 AM",15,นักเรียน,โรงเรียนวัดล้านตอง,เปรม,49cb6ef5-4623-43ba-b191-91d36988029f
"Jul 12, 2026, 2:41:51 AM",20,นักเรียน,สกร.ระดับอำเภอฝาง,May,5be0518c-d885-43eb-8378-ebfb81d3bf53
"Jul 12, 2026, 2:45:18 AM",14,นักเรียน,ศีลาจารพิพัฒน์,เครป,6cc5df00-d09b-49ee-9ca0-f72a233e7124
"Jul 12, 2026, 7:02:48 AM",15,นักเรียน,โรงเรียนวัดล้านตอง,เปรม,92bb5a48-4920-40da-b4ff-4f1651022f66
"Jul 12, 2026, 4:34:17 AM",15,นักเรียน,โรงเรียนวัดล้านตอง,เปรม,a6c95e84-5bf9-4cef-8b73-10280f23d823
"Jul 12, 2026, 5:46:23 AM",15,นักเรียน,โรงเรียนวัดล้านตอง,เปรม,d4e83aa4-9453-43ae-b0e6-9e560cff256c
"Jul 12, 2026, 5:09:42 AM",30,ครู,สกร.ระดับอำเภอฝาง,พริ้ง,fb0e23b3-a137-49d0-ba8b-f3a41cec45a8
"Jul 12, 2026, 7:37:57 AM",49,ครู,กรุงเทพมหานคร,Pook,b918b0a9-033e-4938-bda7-69838cf163a9
"Jul 12, 2026, 3:21:36 AM",72,นักการศึกษา,มหาวิทยาลัยราชภัฏอุบล,ประสาร,a00b71bd-524e-410d-8b9b-41f9ae2640fd
"Jul 12, 2026, 2:40:35 AM",29,ครู,สพฐ.,ครูเก้า,651e05c1-e5fe-4f78-9504-292933a453f5
"Jul 12, 2026, 8:07:11 AM",50,ครู,Bkk,B,2d3199ad-a33a-4d0f-a399-ca09b3f4557a
"Jul 12, 2026, 5:03:18 AM",50,นักการศึกษา,สำนักการศึกษา,ไมกี้,4ead6b61-a28c-47f8-a90f-187980a9148c
"Jul 12, 2026, 2:28:35 AM",42,ครู,สช,ลูกจัน,67f438a9-4bbe-4a49-80ba-e18648f10b39
"Jul 12, 2026, 10:23:56 AM",35,นักวิจัย,รร,J,6dad7818-8fcc-41b3-a93b-2b9d83710856
"Jul 12, 2026, 5:54:11 AM",46,นักวิจัย,ม. ฟาร์ฯ,หนุ่ย,6f372962-f3f2-4e0e-ab82-a79d5f0dadb9
"Jul 12, 2026, 7:33:48 AM",55,นักการศึกษา,กทม.,ไก่,ce29f718-dd53-48e4-a738-39a937ba35db
"Jul 12, 2026, 4:31:07 AM",24,Software Engineer,บริษัทเอกชน,ตุลย์,e562c861-dbd0-468d-ac66-5e28c65954cf
"Jul 12, 2026, 3:21:48 AM",5,นักเรียน,บุคคลทั่วไป,แทนแทน,f5ec6cec-c294-4977-b2dd-bc516c2df718
"Jul 12, 2026, 6:12:26 AM",8,นักเรียน,โรงเรียน กรุงเทพคริสเตียนวิทยาลัย,porch,6a7d5958-0aad-49fc-9032-b360ad4b2028
"Jul 12, 2026, 6:00:15 AM",55,ผู้ปกครอง,null,Kong,d6d6f913-1a3a-4be5-b512-b718e381aabf
"Jul 12, 2026, 2:40:08 AM",27,ครู,สพฐ,ต้น,05a5fb25-46ef-4d3f-98d3-c16e6486d679
"Jul 12, 2026, 7:33:23 AM",1,ครู,Saturday School Foundation,Giraffe,1e35203d-fc49-46e3-a77c-b7a2bb7e9c61
"Jul 12, 2026, 2:56:27 AM",17,นักเรียน,สกร.ระดับอำเภอฝาง,ีขวัญ,23fe8093-88af-455d-a3be-e355f6f5a6b7
"Jul 12, 2026, 3:15:43 AM",25,นักการศึกษา,SCBF,ปอมปอม,25a07332-7ac3-444e-bb54-25a02241f9e9
"Jul 12, 2026, 7:12:03 AM",22,รับจ้าง,มหาวิทยาลัยเกษตรศาสตร์,แพรวา,2a2922e8-d0ed-4221-a51d-bdd3d9d354ac
"Jul 12, 2026, 6:15:14 AM",10,นักเรียน,สพป.ชม.เขต 1,โอม,4b60e564-2dc3-4500-99bc-e9c7a637cdf7
"Jul 12, 2026, 4:41:58 AM",27,พนักงานบริษัท,บริษัท ลูกคิด จำกัด,แพรว,52b97ee8-03cc-46ba-ad7d-30dd352d6861
"Jul 12, 2026, 5:48:57 AM",16,นักเรียน,โรงเรียนวัดล้านตอง,แสงโยง,62952b98-d4ff-43ce-af95-9326bbd25d11
"Jul 12, 2026, 4:38:40 AM",24,นักวิจัย,มหาวิทยาลัยเทคโนโลยีสุรนารี,จิ๊กซอว์,70630cfb-90f5-49e2-a027-58e1fe3bda55
"Jul 12, 2026, 2:41:16 AM",17,นักเรียน,สกร.ระดับอำเภอฝาง,ขยัญ,720b9a03-ac21-44a7-8912-1bdeeb5e98e1
"Jul 12, 2026, 2:49:46 AM",30,ครู,Shrewsbury international school,Earn,7fc23a01-c279-4f0c-bac0-3752344b96cc
"Jul 12, 2026, 7:00:50 AM",13,นักเรียน,โรงเรียนตั้งพิรุฬห์ธรรม,ยูโร,8643b59c-e774-4c49-997e-807ca071c8ef
"Jul 12, 2026, 4:03:32 AM",29,ครู,โรงเรียนเซนต์โยเซฟระยอง,Suky,87ab15a9-2055-44bf-8fd3-dedc14a89fba
"Jul 12, 2026, 5:50:56 AM",15,นักเรียน,โรงเรียนวัดล้านตอง,หมวยยย,9af647f8-55bf-45e4-ab78-a5e4638b63ec
"Jul 12, 2026, 7:40:50 AM",32,งานสื่อสาร,TDRI,Mint,9b05cfae-13d1-41a2-89ca-a7771c34a24d
"Jul 12, 2026, 7:11:58 AM",25,นักวิจัย,มูลนิธิ,นู่นนี่น่านนนน,9c3180d8-4dd8-4f3b-b7d1-b54a1dcd52e9
"Jul 12, 2026, 8:12:24 AM",23,ครู,โรงเรียนวัฒนาวิทยาลัย,ฟ้า,a3d17f5c-0b41-4466-9729-81cbe031b55e
"Jul 12, 2026, 2:45:29 AM",15,นักเรียน,โรงเรียนศีลาจารพิพัฒน์,รวงข้าว,e52c226d-af77-47e2-9cd8-20198c88d557
"Jul 12, 2026, 5:10:06 AM",37,ครู,สกร.ระดับอำเภอฝาง,ปอแป้ง,ec6cf59c-a938-4850-b489-9e80ff4f65ad
"Jul 12, 2026, 3:43:53 AM",24,Researcher,SKT,เฮียง,ed3a19c3-ac42-4229-ba18-be9f450190dd
"Jul 12, 2026, 4:31:23 AM",46,นักการศึกษา,กรุงเทพมหานคร,POK,f5ff8799-8038-45af-a96e-e81ce78e905c
"Jul 12, 2026, 1:45:32 AM",27,นักวิจัย,SKT,นน.,f87598ad-c0b2-4a11-884c-d379181f1fdf
"Jul 12, 2026, 5:28:37 AM",36,นักวิจัย,Skooldio Tech,น้องนัน,0cca7fbf-a51b-4244-b457-5470fab577bb
"Jul 12, 2026, 4:29:09 AM",32,นักการศึกษา,ets kmutt,มะดรีม,14bddda1-423f-43f8-acdc-ade02cb52540
"Jul 12, 2026, 4:37:58 AM",40,ครู,สพป.อุบลราชธานี เขต 1,Lek,1cd3198d-a6ff-4f46-9242-ad6e2df4d72a
"Jul 12, 2026, 2:45:33 AM",14,นักเรียน,โรงเรียนศีลาจานพิพัฒน์,Maprang,69c9d9a7-a3a2-4b29-9cff-aa5e182f1aec
"Jul 12, 2026, 4:25:14 AM",25,พนักงานออฟฟิศ,lmwn,jn,881210e8-dbe2-4650-9435-9d8fd6e1b9c2
"Jul 12, 2026, 8:09:25 AM",60,ทีีปรึกษา,DE,Pee,9d65aa9b-6b57-41c7-bf03-a9a8b18d661b
"Jul 12, 2026, 6:47:18 AM",23,นักการศึกษา,Kmitl,Paphum,a55911e6-6741-4333-bec2-05f29acac278
"Jul 12, 2026, 7:36:20 AM",25,พนักงานเอกชน,ธนาคาร,pun,c202cb75-bc20-4d10-8aae-e8f3f0bd9475
"Jul 12, 2026, 3:26:18 AM",43,นักวิจัย,Snowball Academy,บันนี่,3d63c269-ff1a-4eaa-b96e-f83d3bb2dec3
"Jul 12, 2026, 4:02:52 AM",29,ครู,สช.,🌙,44eeafb9-4158-4b49-9153-b958aa5fde44
"Jul 12, 2026, 7:35:14 AM",59,ศึกษานิเทศก์,กรุงเทพมหานคร,ดร.แหวว,56eebcf5-214b-4273-b8e8-6966c9dc0d2b
"Jul 12, 2026, 3:05:36 AM",32,พนักงาน,-,คมสัน,6fa13a3a-da47-4faf-9f64-d8234116bf6e
"Jul 12, 2026, 1:52:08 AM",26,โปรแกรมเมอร์,Skooldio Tech,เฮียง,7e25852b-e27d-4a72-b634-6882177ea33c
"Jul 12, 2026, 4:43:44 AM",25,ครู,สกร.ระดับอำเภอเชียงดาว,Bell,828580a8-09e9-4b36-b16d-8abdfcfde128
"Jul 12, 2026, 8:10:53 AM",22,ครู,โรงเรียนสตรีวิทยา,อาร์ต,ac8674c5-41c6-4975-ba2d-65884b8f108b
"Jul 12, 2026, 4:25:14 AM",25,พนักงานออฟฟิศ,The Active,มิก,b848b3e5-be99-4aa6-bb15-9190d9510257
"Jul 12, 2026, 4:48:37 AM",43,ครู,โรงเรียนคณะราษฎรบำรุง จังหวัดยะลา สพม.ยะลา,ดล,d0cfe695-0e13-481c-bc90-f0b2f4ed5a27
"Jul 12, 2026, 7:09:58 AM",39,ศึกษานิเทศก์,สพม.แพร่,ก้อย,9c608188-ab8d-4d6f-8f62-c8c221dd17b4
"Jul 12, 2026, 2:02:00 AM",19,นักเรียน,โรงเรียนพรตพิทยพยัต,JA,1092f5c3-61c2-45a8-ad06-b0d8e89d0127
"Jul 12, 2026, 5:42:11 AM",19,นักเรียน,พรตพิทยพยัต,Ja,3c3b4de0-ff19-4df6-99a9-fea1f6088e28
"Jul 12, 2026, 7:03:01 AM",15,นักเรียน,ตั้งพฬ์ธรรม,ปามจั๊ฟ,410c167f-9c3c-4c28-9828-5c5dcad57476
"Jul 12, 2026, 2:39:39 AM",61,นักวิจัย,มหาวิทยาลัยราชภัฏพิบูลสงคราม,ตุ๋ย,bf5e728c-2c6d-45d2-b433-c297d9287ebc
"Jul 12, 2026, 4:31:18 AM",24,Software Developer,บริษัทเอกชน,Cloudy,de601595-8747-48a0-bd9e-5809d3b39854
"Jul 12, 2026, 4:50:42 AM",47,ศึกษานิเทศก์,สำนักการศึกษา กรุงเทพมหานคร,ตาล,ec83c47b-b0c9-4f53-a7c5-4449a4105c56
"Jul 12, 2026, 5:58:23 AM",40,ครู,อุดมศึกษา,Nuch,ad793c4d-8eb8-421a-a57f-edaf98957548
"Jul 12, 2026, 2:46:54 AM",39,-,สภา,หนึ่ง,e405c768-4cbd-4112-8cd9-8ea3ff30fe4e
"Jul 12, 2026, 4:03:49 AM",30,ครู,-,จอย,2f3b4c46-e822-43df-84c0-fd1301d41832
"Jul 12, 2026, 5:28:38 AM",39,นักวิจัย,มหาวิทยาลัยกาฬสินธุ์,Fern,33b397a9-3701-477e-ba0a-9561dbaf5506
"Jul 12, 2026, 4:47:21 AM",22,ผู้บริหารการศึกษา,โรงเรียนสีแสดวิทยา,แอเรียล,3c9a7492-afd7-48d3-a117-d5aaf4497d31
"Jul 12, 2026, 2:02:01 AM",21,นักการศึกษา,มหาวิทยาลัยศรีปทุม,MOD,7bb29d23-3d2c-4c5e-97ed-e025ac9d72d7
"Jul 12, 2026, 2:59:05 AM",24,นักเรียน,สกร.แม่แตง,ดา,7d4424ee-26a8-4ce2-a6a0-522288ccbd68
"Jul 12, 2026, 6:47:45 AM",23,นักการศึกษา,สถาบันเทคโนโลยีพระจอมเกล้าเจ้าคุณทหารลาดกระบัง,กลาง,bb78d134-b992-4a1a-8a32-ff8fca8b72ae
"Jul 12, 2026, 3:56:14 AM",10,นักเรียน,รร,มด,dfb26ec8-98d9-4134-b923-19847c17ea63
"Jul 12, 2026, 2:51:32 AM",14,นักเรียน,โรงเรียนเซนต์โยเซฟระยอง,เนเน่,0ee81359-5024-4514-ae9c-b54e908ed85a
"Jul 12, 2026, 3:07:01 AM",14,นักเรียน,โรงเรียนเซนต์โยเซฟระยอง,เนเน่,29bb0adf-ff51-4323-b84d-175e8b36b4e6
"Jul 12, 2026, 6:54:26 AM",49,ครู,กรุงเทพมหานคร,Pook,2a9ec26e-70c6-4f26-9f27-fde6721eaff3
"Jul 12, 2026, 5:29:27 AM",33,พนักงานของรัฐ,รวพ.,กวาง,337b08d9-d8e4-4729-9cd7-3056c7dc77ad
"Jul 12, 2026, 6:46:02 AM",31,ครู,สพม.กท.1,ใบเตย,7c11f9b9-bf4c-43e1-9c2b-35e5ad563d1e
"Jul 12, 2026, 8:13:08 AM",24,พนักงานบริษัทเอกชน,เอกชน,Dah,9e54a55f-cf81-423c-a390-dd51738f9831
"Jul 12, 2026, 6:17:07 AM",32,ครู,โรงเรียนวัดล้านตอง,Lynn,d4e4a39a-3aa8-44ba-baef-747d6dcce1ba
"Jul 12, 2026, 2:28:52 AM",32,นักการศึกษา,สพป.สุโขทัย เขต 2,Aon,da3bbbae-5f44-4412-a4f0-311bd6f8ea1d
"Jul 12, 2026, 4:26:01 AM",41,ครู,โรงเรียนบัวขาว,ฟ้า,df05aff1-e83c-4944-9606-a5ee7efc4db4
"Jul 12, 2026, 5:32:33 AM",34,พนง,คาปี้,แจ้ค,f80203c9-77ab-43c0-b6b5-5745697be69d